distance_km,duration_min,vehicle_type,make,model,vehicle_year,seats,fuel_type,nominal_l_per_100km,allowed_load_kg,passengers,load_kg,traffic_band,weather,ac_used,urban_share,highway_share,actual_liters
332.7,387.3,Bus,Mercedes,Sprinter,2018,18,Petrol,18.2,1500,3,716.8,Low,Clear,0,0.29,0.71,66.91
315.7,478.8,Bus,Toyota,Coaster,2018,22,Petrol,16.1,2000,11,140.6,Medium,Clear,1,0.82,0.18,66.62
90.6,214.8,Van,Toyota,Hiace,2025,12,Diesel,11.8,1100,5,1084.0,Low,Clear,1,0.34,0.66,13.28
77.7,140.5,Bus,Toyota,Coaster,2019,18,Diesel,17.3,1500,18,279.1,Medium,Clear,0,0.8,0.2,17.02
68.6,155.2,Bus,Toyota,Coaster,2023,22,Petrol,17.6,2000,18,330.0,High,Rain,1,0.41,0.59,19.16
176.2,220.7,Car,Hyundai,Elantra,2017,4,Diesel,8.0,500,3,486.1,Low,Clear,1,0.75,0.25,17.89
392.4,633.6,Bus,Isuzu,Bus,2017,30,Petrol,19.8,1500,20,254.7,Medium,Hot,0,0.61,0.39,98.86
345.8,691.0,Car,Hyundai,Elantra,2024,4,Petrol,6.2,500,2,147.2,High,Rain,0,0.89,0.11,32.47
105.0,176.4,Bus,Toyota,Coaster,2019,40,Diesel,19.3,2000,15,714.4,Low,Clear,0,0.29,0.71,23.37
215.3,239.4,Bus,Toyota,Coaster,2025,22,Petrol,16.8,3000,7,131.3,High,Rain,1,0.46,0.54,52.5
89.6,134.5,Car,Nissan,Sunny,2019,5,Petrol,8.0,400,3,195.8,Low,Rain,0,0.14,0.86,9.2
173.6,161.8,Van,Hyundai,H1,2018,14,Petrol,9.4,900,13,710.9,Medium,Rain,1,0.23,0.77,22.68
75.1,73.0,Bus,Toyota,Coaster,2024,18,Petrol,13.4,2000,6,100.9,Low,Hot,1,0.2,0.8,12.43
111.2,177.6,Car,Nissan,Sunny,2021,5,Petrol,8.3,400,3,193.7,Low,Clear,1,0.63,0.37,11.12
75.2,94.8,Van,Toyota,Hiace,2020,12,Petrol,12.0,700,10,689.0,High,Clear,1,0.89,0.11,12.87
310.9,312.0,Car,Kia,Cerato,2019,5,Diesel,7.5,600,3,545.1,Low,Clear,1,0.8,0.2,27.69
247.8,257.2,Car,Nissan,Sunny,2018,5,Petrol,7.4,400,2,183.3,Low,Windy,1,0.86,0.14,24.86
417.0,710.8,Car,Toyota,Corolla,2018,5,Petrol,8.0,500,2,443.1,Low,Hot,1,0.77,0.23,44.78
370.1,356.4,Van,Toyota,Hiace,2020,14,Diesel,9.4,900,11,190.0,Medium,Windy,0,0.92,0.08,42.37
270.5,424.8,Car,Toyota,Corolla,2017,5,Petrol,6.4,500,4,311.0,High,Clear,1,0.86,0.14,24.73
282.3,316.9,Bus,Isuzu,Bus,2021,22,Petrol,15.5,1500,10,618.4,High,Rain,1,0.44,0.56,63.9
376.0,593.6,Bus,Isuzu,Bus,2024,22,Diesel,17.3,2000,19,735.9,Medium,Rain,1,0.48,0.52,85.73
105.0,191.1,Car,Kia,Cerato,2020,5,Petrol,6.2,400,2,393.9,High,Clear,1,0.45,0.55,9.71
102.4,122.8,Van,Toyota,Hiace,2022,10,Diesel,11.1,700,8,54.1,Low,Clear,1,0.21,0.79,12.44
335.9,446.2,Bus,Isuzu,Bus,2018,40,Diesel,18.8,3000,16,1011.0,Medium,Rain,0,0.33,0.67,76.49
319.4,702.3,Bus,Mercedes,Sprinter,2018,22,Petrol,14.1,2000,18,569.8,Low,Hot,1,0.43,0.57,58.53
337.6,428.7,Van,Toyota,Hiace,2024,12,Diesel,9.7,900,4,449.6,Medium,Rain,1,0.12,0.88,43.07
42.4,84.1,Bus,Isuzu,Bus,2016,18,Diesel,19.3,3000,6,79.3,Medium,Windy,0,0.49,0.51,9.79
294.3,314.8,Car,Nissan,Sunny,2019,4,Petrol,7.9,400,1,380.9,Low,Clear,0,0.3,0.7,26.53
351.1,663.6,Bus,Toyota,Coaster,2017,30,Petrol,14.2,3000,19,50.3,Medium,Rain,1,0.9,0.1,67.96
35.7,44.9,Bus,Mercedes,Sprinter,2021,18,Petrol,15.4,2000,14,990.4,Low,Rain,1,0.64,0.36,7.61
148.4,275.4,Van,Ford,Transit,2020,14,Diesel,10.4,1100,5,972.2,Low,Rain,1,0.39,0.61,20.69
9.5,15.6,Van,Hyundai,H1,2024,12,Petrol,12.0,1100,12,458.9,High,Hot,1,0.65,0.35,1.69
241.3,351.6,Bus,Mercedes,Sprinter,2024,30,Petrol,17.6,2000,11,435.1,Medium,Windy,1,0.31,0.69,50.5
439.6,554.7,Car,Hyundai,Elantra,2025,4,Petrol,7.8,500,1,419.7,Medium,Hot,1,0.25,0.75,43.04
260.5,354.9,Van,Ford,Transit,2016,10,Petrol,11.1,900,3,869.6,Medium,Rain,0,0.8,0.2,41.64
345.2,420.9,Car,Hyundai,Elantra,2024,5,Diesel,6.2,400,2,314.8,Medium,Rain,1,0.35,0.65,30.8
122.8,268.1,Bus,Isuzu,Bus,2019,18,Petrol,19.6,1500,18,108.6,Low,Rain,1,0.69,0.31,30.84
194.2,256.6,Van,Toyota,Hiace,2019,10,Diesel,12.2,1100,5,912.8,Low,Clear,0,0.77,0.23,28.5
199.8,258.2,Van,Ford,Transit,2023,14,Petrol,12.3,1100,12,368.1,Medium,Clear,0,0.29,0.71,29.01
85.8,121.1,Bus,Mercedes,Sprinter,2020,22,Petrol,16.3,3000,16,1163.5,Medium,Windy,1,0.38,0.62,18.77
44.2,80.8,Van,Ford,Transit,2023,14,Diesel,11.8,1100,13,456.5,High,Clear,1,0.45,0.55,6.81
397.0,514.6,Van,Toyota,Hiace,2023,10,Petrol,9.6,700,10,563.5,High,Hot,1,0.57,0.43,58.74
189.9,260.7,Car,Hyundai,Elantra,2020,5,Diesel,8.3,500,4,284.6,Medium,Hot,0,0.83,0.17,20.07
390.0,536.0,Car,Kia,Cerato,2023,5,Petrol,8.1,600,3,340.1,High,Rain,1,0.89,0.11,53.47
225.4,524.7,Car,Kia,Cerato,2018,5,Petrol,7.8,500,5,179.4,Low,Rain,0,0.55,0.45,21.49
384.0,390.1,Car,Nissan,Sunny,2017,5,Diesel,6.8,600,4,573.4,High,Rain,0,0.62,0.38,38.97
149.3,339.4,Car,Toyota,Corolla,2016,5,Diesel,6.4,500,4,89.9,High,Rain,0,0.24,0.76,12.54
301.7,293.2,Bus,Mercedes,Sprinter,2020,22,Diesel,16.2,2000,10,819.6,Low,Clear,1,0.9,0.1,64.48
110.6,150.2,Van,Hyundai,H1,2017,12,Petrol,9.3,900,12,279.8,High,Rain,1,0.11,0.89,16.27
284.6,281.3,Car,Kia,Cerato,2018,4,Diesel,7.6,600,3,477.4,Low,Windy,0,0.18,0.82,24.49
337.2,510.6,Van,Ford,Transit,2020,12,Diesel,11.8,900,2,143.9,Low,Rain,1,0.18,0.82,48.0
305.3,416.8,Bus,Isuzu,Bus,2017,30,Diesel,17.1,3000,18,407.0,High,Hot,0,0.64,0.36,72.26
399.8,787.5,Car,Toyota,Corolla,2019,5,Diesel,8.5,400,5,179.3,High,Hot,1,0.66,0.34,54.21
441.5,665.4,Bus,Toyota,Coaster,2017,22,Diesel,16.1,1500,21,443.2,Medium,Windy,0,0.92,0.08,99.29
355.2,648.3,Bus,Isuzu,Bus,2018,18,Petrol,13.4,2000,18,264.4,Low,,1,0.76,0.24,63.05
164.4,182.8,Bus,Toyota,Coaster,2016,22,Diesel,13.8,1500,1,225.6,Low,Hot,1,0.55,0.45,29.78
139.2,160.6,Bus,Mercedes,Sprinter,2024,40,Petrol,16.5,3000,31,1019.8,Medium,Clear,1,0.71,0.29,29.13
206.9,245.1,Car,Kia,Cerato,2020,5,Diesel,7.0,600,1,514.6,High,Hot,1,0.48,0.52,21.27
429.3,477.6,Bus,Mercedes,Sprinter,2021,30,Petrol,16.0,3000,3,1001.5,Low,Rain,0,0.73,0.27,82.07
435.9,516.6,Bus,Toyota,Coaster,2016,18,Diesel,15.9,3000,17,271.0,High,Rain,0,0.82,0.18,99.7
17.9,52.9,Car,Nissan,Sunny,2020,4,Petrol,7.5,600,3,223.6,Low,Hot,1,0.16,0.84,1.68
350.7,423.5,Van,Hyundai,H1,2021,14,Diesel,9.9,900,1,156.9,High,Clear,0,0.33,0.67,44.17
221.6,247.8,Car,Toyota,Corolla,2025,5,Petrol,7.1,500,4,492.5,Low,Clear,0,0.36,0.64,17.08
242.0,429.7,Car,Toyota,Corolla,2022,5,Diesel,7.9,400,3,47.4,High,Clear,1,0.12,0.88,26.38
81.5,88.8,Bus,Isuzu,Bus,2021,40,Diesel,15.0,2000,24,124.0,Low,Hot,1,0.6,0.4,14.85
91.3,105.2,Van,Toyota,Hiace,2024,8,Petrol,10.5,700,3,180.7,Low,Windy,0,0.25,0.75,9.9
148.8,142.9,Van,Ford,Transit,2025,14,Petrol,11.2,1100,8,93.7,Medium,Windy,1,0.6,0.4,20.9
230.6,320.8,Car,Kia,Cerato,2025,5,Petrol,6.2,400,1,190.9,High,Hot,1,0.61,0.39,21.28
238.2,286.6,Bus,Isuzu,Bus,2023,22,Diesel,13.3,3000,10,477.2,Medium,Clear,1,0.16,0.84,35.34
435.6,477.9,Car,Kia,Cerato,2020,4,Petrol,7.5,400,1,137.6,Medium,Windy,0,0.67,0.33,42.97
90.4,86.4,Van,Toyota,Hiace,2023,12,Diesel,9.7,700,5,594.2,Low,Clear,1,0.84,0.16,11.24
436.5,522.9,Bus,Mercedes,Sprinter,2019,40,Diesel,13.3,2000,29,296.1,Low,Windy,1,0.87,0.13,68.86
393.5,880.3,Bus,Isuzu,Bus,2018,40,Diesel,19.8,1500,24,674.4,Low,Clear,1,0.17,0.83,85.79
181.4,274.9,Car,Hyundai,Elantra,2016,5,Petrol,8.2,400,1,162.5,Low,Windy,0,0.81,0.19,18.53
118.9,132.7,Bus,Mercedes,Sprinter,2016,40,Diesel,16.1,1500,39,642.8,Low,Windy,0,0.36,0.64,20.75
260.9,285.3,Car,Toyota,Corolla,2024,5,Diesel,7.5,400,1,253.6,Low,Rain,0,0.66,0.34,22.78
441.6,733.0,Bus,Isuzu,Bus,2022,18,Diesel,15.7,2000,3,426.9,High,Clear,1,0.21,0.79,89.13
21.5,62.6,Van,Ford,Transit,2023,14,Petrol,11.0,700,1,234.6,Medium,Rain,1,0.32,0.68,3.34
403.1,599.8,Van,Hyundai,H1,2023,8,Petrol,11.7,900,8,629.0,Medium,Windy,0,0.72,0.28,56.66
79.2,121.8,Car,Kia,Cerato,2022,5,Diesel,6.8,600,3,376.6,Medium,Windy,0,0.16,0.84,6.68
166.2,153.0,Car,Hyundai,Elantra,2021,5,Diesel,6.1,400,2,278.0,Medium,Windy,1,0.75,0.25,14.17
411.5,839.2,Car,Toyota,Corolla,2022,4,Petrol,7.8,500,4,123.0,High,Windy,1,0.27,0.73,41.76
401.6,403.4,Bus,Toyota,Coaster,2020,30,Petrol,18.0,3000,30,846.3,Low,Windy,0,0.2,0.8,75.67
398.5,870.1,Van,Ford,Transit,2025,12,Diesel,10.4,1100,12,796.4,High,Rain,1,0.8,0.2,62.12
86.0,91.2,Bus,Isuzu,Bus,2025,30,Petrol,13.9,3000,30,1044.5,Low,Hot,1,0.24,0.76,13.96
283.1,330.0,Car,Kia,Cerato,2018,4,Diesel,7.6,600,2,363.2,High,Hot,0,0.66,0.34,32.25
346.3,495.9,Car,Toyota,Corolla,2019,4,Diesel,8.4,600,4,535.6,High,Windy,1,0.51,0.49,46.59
275.0,445.3,Car,Hyundai,Elantra,2021,5,Diesel,7.0,500,3,488.2,Low,Windy,0,0.37,0.63,22.67
367.0,351.6,Car,Kia,Cerato,2018,5,Petrol,8.2,500,2,386.3,Medium,Rain,1,0.85,0.15,45.77
397.6,455.0,Car,Hyundai,Elantra,2025,5,Diesel,6.1,500,5,23.9,Low,Rain,0,0.85,0.15,30.14
229.4,243.7,Bus,Isuzu,Bus,2022,22,Diesel,15.5,2000,20,822.9,Low,Hot,0,0.43,0.57,42.86
362.8,458.8,Car,Nissan,Sunny,2021,4,Diesel,6.1,400,2,144.6,High,Windy,0,0.43,0.57,29.9
304.8,284.3,Bus,Toyota,Coaster,2021,30,Petrol,16.3,1500,26,1080.5,High,Clear,1,0.33,0.67,71.2
427.0,861.0,Car,Nissan,Sunny,2025,4,Diesel,8.1,400,3,179.1,Medium,Hot,1,0.53,0.47,47.44
144.6,292.4,Car,Hyundai,Elantra,2022,5,Diesel,8.5,500,3,282.2,High,Windy,1,0.26,0.74,16.78
133.1,175.8,Bus,Mercedes,Sprinter,2020,40,Diesel,15.2,2000,26,985.7,Low,Windy,0,0.34,0.66,23.8
314.8,626.2,Bus,Toyota,Coaster,2024,22,Diesel,14.4,3000,19,302.4,Low,Hot,0,0.14,0.86,48.53
341.4,552.2,Bus,Mercedes,Sprinter,2019,40,Petrol,17.6,2000,4,1091.4,Low,Hot,0,0.88,0.12,70.39
273.2,258.8,Van,Toyota,Hiace,2025,12,Petrol,12.0,700,8,692.6,High,Rain,0,0.82,0.18,50.34
356.9,447.6,Bus,Toyota,Coaster,2021,30,Petrol,18.0,1500,6,740.9,High,Rain,1,0.54,0.46,92.16
429.5,690.9,Van,Toyota,Hiace,2020,8,Petrol,9.5,700,1,197.9,Medium,Hot,0,0.67,0.33,51.37
103.3,108.0,Van,Ford,Transit,2025,8,Petrol,11.1,900,8,678.0,High,Windy,1,0.7,0.3,18.47
373.8,351.8,Car,Nissan,Sunny,2016,5,Diesel,6.2,600,5,106.9,Medium,Rain,0,0.68,0.32,32.21
253.7,288.1,Car,Nissan,Sunny,2016,4,Petrol,7.3,500,1,210.1,Low,Hot,0,0.14,0.86,21.04
171.6,174.3,Van,Toyota,Hiace,2022,12,Diesel,10.1,700,7,275.4,High,Hot,1,0.2,0.8,26.53
173.8,311.6,Car,Kia,Cerato,2024,5,Petrol,7.7,600,2,179.9,High,Clear,0,0.79,0.21,17.32
334.5,476.5,Bus,Mercedes,Sprinter,2019,40,Diesel,17.2,3000,14,910.2,Low,,1,0.3,0.7,75.05
138.7,328.7,Car,Kia,Cerato,2022,4,Diesel,8.5,600,2,383.1,Medium,Rain,0,0.93,0.07,17.44
112.2,218.0,Van,Hyundai,H1,2023,10,Petrol,9.7,700,3,567.9,Low,Rain,1,0.57,0.43,13.78
124.5,155.1,Car,Nissan,Sunny,2016,5,Diesel,6.2,600,1,129.1,High,Hot,1,0.28,0.72,12.02
181.5,317.5,Car,Toyota,Corolla,2019,5,Diesel,8.3,600,3,240.8,High,Windy,1,0.32,0.68,21.62
12.2,34.3,Car,Kia,Cerato,2018,5,Diesel,7.0,600,4,191.2,Low,Windy,0,0.42,0.58,1.03
67.3,91.0,Van,Hyundai,H1,2018,14,Petrol,10.3,1100,9,1089.5,Low,Clear,0,0.9,0.1,8.73
279.9,325.7,Car,Hyundai,Elantra,2016,4,Diesel,6.5,500,4,336.5,Low,Clear,1,0.11,0.89,21.95
238.4,419.6,Bus,Isuzu,Bus,2017,40,Petrol,18.6,1500,17,982.0,Medium,Rain,0,0.42,0.58,59.45
216.8,265.0,Bus,Mercedes,Sprinter,2024,18,Petrol,13.7,2000,3,609.8,Medium,Windy,0,0.86,0.14,39.84
255.8,607.8,Van,Hyundai,H1,2024,8,Petrol,12.2,1100,6,36.9,Low,Hot,1,0.89,0.11,37.43
227.9,205.0,Bus,Toyota,Coaster,2017,40,Diesel,18.3,1500,28,293.9,Low,Windy,1,0.92,0.08,51.84
43.1,73.9,Car,Kia,Cerato,2022,5,Petrol,7.1,600,1,67.6,Low,Rain,0,0.73,0.27,3.55
252.9,323.3,Van,Hyundai,H1,2023,8,Petrol,9.0,700,2,260.7,Low,Windy,1,0.11,0.89,26.19
139.0,183.3,Bus,Isuzu,Bus,2020,22,Diesel,17.8,1500,14,345.6,Medium,Rain,0,0.41,0.59,33.8
174.1,179.7,Car,Hyundai,Elantra,2025,5,Petrol,6.0,500,4,411.4,High,Hot,1,0.37,0.63,16.81
129.7,143.0,Van,Hyundai,H1,2022,14,Petrol,12.4,700,10,155.9,High,Hot,0,0.91,0.09,22.3
298.1,337.5,Car,Nissan,Sunny,2020,5,Diesel,6.3,500,1,235.6,High,Rain,1,0.55,0.45,31.01
79.0,109.2,Bus,Isuzu,Bus,2021,18,Petrol,13.8,1500,13,1160.8,Medium,Rain,0,0.11,0.89,13.56
136.5,130.4,Bus,Isuzu,Bus,2017,22,Petrol,15.4,1500,5,431.0,Medium,Rain,0,0.54,0.46,27.27
382.9,446.1,Van,Toyota,Hiace,2016,12,Diesel,8.7,1100,3,1024.3,High,Hot,0,0.57,0.43,48.71
333.1,325.0,Bus,Mercedes,Sprinter,2016,22,Petrol,17.5,2000,14,478.8,High,,0,0.34,0.66,82.9
239.8,287.6,Van,Hyundai,H1,2023,10,Diesel,10.3,900,10,365.4,Low,Windy,1,0.82,0.18,31.53
171.1,342.1,Bus,Mercedes,Sprinter,2018,30,Petrol,13.8,2000,20,182.7,Medium,Rain,0,0.51,0.49,30.65
428.6,559.3,Car,Hyundai,Elantra,2021,5,Diesel,8.1,600,4,579.0,High,Rain,1,0.68,0.32,55.7
79.9,128.7,Car,Hyundai,Elantra,2020,5,Diesel,6.1,400,4,228.9,Low,Clear,1,0.76,0.24,6.29
394.3,906.0,Bus,Mercedes,Sprinter,2020,40,Diesel,13.7,3000,6,538.1,Low,Hot,0,0.79,0.21,64.29
161.1,275.2,Van,Toyota,Hiace,2025,10,Petrol,11.6,700,6,685.7,Medium,Windy,1,0.91,0.09,26.97
321.6,333.9,Van,Ford,Transit,2018,10,Petrol,11.3,700,7,352.8,High,Windy,1,0.42,0.58,49.85
330.3,455.9,Van,Hyundai,H1,2017,14,Diesel,9.8,700,6,598.1,High,,0,0.92,0.08,54.07
25.4,54.6,Bus,Isuzu,Bus,2016,22,Petrol,17.0,2000,1,166.6,Low,Rain,1,0.1,0.9,5.78
170.5,164.9,Van,Toyota,Hiace,2017,12,Petrol,8.9,900,7,570.5,High,Hot,1,0.66,0.34,24.53
444.7,614.7,Bus,Mercedes,Sprinter,2017,40,Petrol,13.1,3000,5,290.2,Low,Clear,0,0.37,0.63,66.78
200.8,230.2,Bus,Mercedes,Sprinter,2018,18,Petrol,16.7,1500,5,1105.5,High,Rain,0,0.17,0.83,45.56
251.3,310.1,Van,Hyundai,H1,2019,10,Diesel,9.5,1100,1,935.7,High,Windy,0,0.54,0.46,34.09
240.1,238.5,Van,Hyundai,H1,2017,8,Diesel,9.5,1100,6,162.5,High,Rain,1,0.56,0.44,33.2
230.4,277.0,Bus,Mercedes,Sprinter,2022,18,Petrol,14.8,1500,14,519.8,Medium,Clear,0,0.34,0.66,38.2
30.8,79.9,Van,Hyundai,H1,2019,8,Petrol,9.7,900,8,558.8,Low,Windy,0,0.2,0.8,3.53
331.2,683.1,Bus,Isuzu,Bus,2020,30,Petrol,14.2,1500,11,972.4,Medium,Clear,1,0.71,0.29,63.24
305.0,629.7,Car,Nissan,Sunny,2025,4,Petrol,6.9,500,1,41.1,Low,Hot,0,0.5,0.5,23.17
125.7,278.9,Bus,Isuzu,Bus,2021,40,Diesel,14.6,1500,33,814.5,Low,Hot,0,0.78,0.22,23.81
134.8,157.6,Van,Hyundai,H1,2019,8,Petrol,10.7,700,4,335.5,High,Rain,0,0.72,0.28,21.53
382.8,405.5,Car,Kia,Cerato,2022,4,Diesel,8.4,400,2,179.5,Low,Hot,1,0.18,0.82,41.41
268.4,600.8,Bus,Mercedes,Sprinter,2017,18,Diesel,16.5,3000,5,299.4,Medium,Windy,1,0.7,0.3,61.59
144.7,299.2,Car,Hyundai,Elantra,2023,4,Diesel,6.4,400,2,191.7,Medium,Windy,0,0.18,0.82,11.64
181.3,412.4,Car,Hyundai,Elantra,2021,5,Petrol,6.4,600,2,38.0,Medium,Rain,0,0.18,0.82,13.22
264.1,457.7,Car,Hyundai,Elantra,2017,5,Diesel,6.9,600,1,598.4,Low,Rain,0,0.18,0.82,24.45
81.9,151.4,Car,Nissan,Sunny,2022,5,Diesel,7.2,500,3,234.1,Low,Clear,0,0.65,0.35,6.57
358.7,334.1,Car,Nissan,Sunny,2024,4,Diesel,7.6,600,3,298.2,Medium,Windy,1,0.43,0.57,34.03
115.3,211.3,Car,Nissan,Sunny,2017,5,Petrol,7.9,400,1,310.3,Low,Rain,1,0.89,0.11,14.0
426.7,527.4,Bus,Isuzu,Bus,2021,30,Petrol,19.4,1500,7,1007.3,Medium,Windy,0,0.52,0.48,97.54
324.0,319.1,Van,Toyota,Hiace,2021,12,Petrol,12.2,700,6,60.5,Low,Hot,0,0.82,0.18,48.37
357.4,335.5,Bus,Mercedes,Sprinter,2022,30,Diesel,15.1,1500,6,854.5,High,Windy,0,0.67,0.33,78.45
19.4,50.4,Car,Hyundai,Elantra,2025,4,Diesel,8.4,600,2,391.0,Low,Rain,0,0.38,0.62,1.85
161.0,182.9,Car,Kia,Cerato,2017,5,Diesel,6.0,400,1,166.7,High,Rain,0,0.85,0.15,14.61
13.9,30.3,Van,Ford,Transit,2020,10,Petrol,9.2,700,6,135.7,Medium,Hot,0,0.56,0.44,1.69
74.9,162.2,Bus,Mercedes,Sprinter,2022,40,Diesel,19.6,1500,13,503.0,High,Windy,1,0.35,0.65,19.29
218.7,457.0,Car,Kia,Cerato,2025,4,Diesel,7.1,500,3,489.0,Medium,Clear,1,0.77,0.23,21.12
200.7,352.7,Car,Kia,Cerato,2020,5,Diesel,6.9,500,5,49.6,High,Clear,0,0.67,0.33,18.62
259.9,450.5,Bus,Mercedes,Sprinter,2023,40,Petrol,18.7,2000,26,1085.3,High,Clear,0,0.2,0.8,64.21
448.8,531.8,Car,Hyundai,Elantra,2019,4,Diesel,7.1,600,3,205.5,High,Clear,0,0.43,0.57,40.53
264.3,239.3,Car,Nissan,Sunny,2025,4,Diesel,7.0,400,1,233.8,Low,Windy,1,0.85,0.15,22.75
22.3,33.9,Car,Kia,Cerato,2022,5,Diesel,6.4,600,2,48.6,Medium,Windy,1,0.12,0.88,1.84
124.9,192.4,Bus,Mercedes,Sprinter,2021,22,Petrol,13.9,3000,7,541.2,Medium,Rain,1,0.8,0.2,24.32
19.7,57.3,Car,Toyota,Corolla,2019,4,Diesel,6.5,400,2,124.1,Medium,Rain,0,0.68,0.32,1.63
131.9,195.7,Bus,Isuzu,Bus,2017,30,Diesel,15.4,2000,19,940.2,Low,Hot,0,0.68,0.32,23.93
275.7,268.1,Van,Toyota,Hiace,2020,10,Diesel,10.9,700,5,308.2,Medium,Windy,1,0.31,0.69,38.98
154.6,260.9,Bus,Toyota,Coaster,2017,30,Petrol,15.1,1500,9,328.2,High,Windy,0,0.23,0.77,32.22
120.4,179.5,Bus,Toyota,Coaster,2020,22,Diesel,18.0,3000,2,708.0,High,Hot,1,0.72,0.28,30.66
48.4,105.9,Bus,Toyota,Coaster,2020,22,Diesel,18.9,3000,18,920.2,Low,Windy,0,0.29,0.71,9.72
390.5,485.7,Van,Ford,Transit,2016,12,Petrol,10.4,700,2,341.1,Low,Clear,1,0.55,0.45,49.31
222.0,258.9,Van,Ford,Transit,2017,14,Petrol,9.1,1100,11,82.7,Medium,Windy,0,0.75,0.25,24.02
21.8,52.8,Bus,Toyota,Coaster,2016,40,Petrol,15.8,2000,1,1072.6,High,Hot,0,0.68,0.32,5.14
371.6,592.6,Car,Toyota,Corolla,2017,5,Diesel,7.3,500,5,306.3,Medium,Rain,0,0.39,0.61,39.03
267.4,506.2,Car,Hyundai,Elantra,2016,4,Petrol,7.8,400,1,162.6,High,Windy,0,0.6,0.4,27.24
216.1,429.0,Bus,Mercedes,Sprinter,2020,40,Diesel,16.1,1500,1,375.3,High,Clear,1,0.63,0.37,49.8
276.0,301.7,Bus,Isuzu,Bus,2019,18,Petrol,15.0,1500,7,442.3,Medium,Windy,0,0.13,0.87,49.24
71.4,165.2,Car,Toyota,Corolla,2023,4,Diesel,7.7,400,1,363.8,High,Hot,1,0.94,0.06,8.5
9.3,39.0,Van,Hyundai,H1,2016,12,Petrol,10.2,700,6,263.1,Medium,Windy,0,0.42,0.58,1.17
64.0,96.1,Van,Ford,Transit,2017,14,Diesel,11.7,1100,14,192.1,Medium,Rain,1,0.25,0.75,10.05
121.4,208.7,Van,Hyundai,H1,2017,8,Diesel,12.1,900,4,880.5,High,Windy,0,0.47,0.53,22.16
384.1,366.3,Van,Toyota,Hiace,2023,8,Diesel,8.5,700,8,238.0,Medium,Windy,0,0.53,0.47,40.25
57.8,94.5,Van,Hyundai,H1,2021,14,Diesel,8.9,900,2,375.0,Low,Clear,0,0.77,0.23,6.2
380.7,596.1,Bus,Isuzu,Bus,2019,40,Petrol,19.7,2000,39,578.3,High,Windy,1,0.2,0.8,109.36
67.5,93.8,Van,Ford,Transit,2023,12,Diesel,11.3,700,2,192.9,Low,Hot,0,0.89,0.11,8.89
348.6,483.5,Car,Nissan,Sunny,2017,4,Petrol,8.3,600,2,579.0,Low,Clear,1,0.81,0.19,37.77
412.6,429.3,Car,Nissan,Sunny,2025,5,Diesel,7.3,500,3,485.8,Medium,Hot,0,0.45,0.55,40.8
310.5,288.7,Bus,Isuzu,Bus,2020,22,Diesel,14.4,3000,21,1170.7,Low,Windy,0,0.75,0.25,52.88
94.0,105.0,Van,Toyota,Hiace,2016,8,Diesel,8.6,700,5,484.7,Low,Clear,1,0.27,0.73,9.94
232.4,251.5,Bus,Isuzu,Bus,2019,22,Diesel,18.2,3000,22,75.4,Medium,Rain,1,0.91,0.09,64.3
341.0,432.6,Bus,Toyota,Coaster,2021,22,Petrol,17.3,2000,7,367.1,Low,Clear,0,0.92,0.08,68.07
212.5,195.8,Bus,Toyota,Coaster,2021,22,Petrol,14.1,2000,11,724.3,High,Windy,1,0.77,0.23,44.26
244.0,513.0,Car,Hyundai,Elantra,2024,4,Diesel,8.0,400,2,272.1,Medium,Windy,1,0.29,0.71,26.82
113.5,281.3,Car,Kia,Cerato,2025,5,Diesel,6.6,600,4,551.2,Low,Rain,1,0.56,0.44,9.81
41.6,114.4,Van,Toyota,Hiace,2024,12,Diesel,12.1,700,9,382.6,High,Clear,0,0.67,0.33,6.98
15.6,22.3,Bus,Isuzu,Bus,2018,40,Diesel,17.5,1500,5,84.0,Medium,Clear,0,0.87,0.13,3.25
33.1,40.0,Car,Nissan,Sunny,2025,4,Petrol,7.3,600,1,227.5,High,Clear,1,0.77,0.23,3.3
337.3,358.8,Van,Ford,Transit,2018,8,Petrol,10.4,1100,5,1056.9,Low,Windy,1,0.91,0.09,44.06
99.2,116.8,Bus,Toyota,Coaster,2021,18,Petrol,15.1,3000,5,209.9,Low,Windy,0,0.2,0.8,16.44
92.9,137.8,Bus,Isuzu,Bus,2017,18,Petrol,15.0,1500,12,171.3,High,Hot,0,0.34,0.66,17.52
167.2,271.4,Bus,Isuzu,Bus,2025,30,Diesel,17.9,1500,1,389.6,Low,Rain,1,0.81,0.19,36.78
41.5,91.8,Van,Hyundai,H1,2025,14,Petrol,10.7,700,9,153.6,High,Clear,0,0.86,0.14,6.14
296.0,575.3,Bus,Mercedes,Sprinter,2023,18,Petrol,16.9,3000,10,178.0,High,Clear,1,0.41,0.59,60.96
332.5,440.6,Car,Hyundai,Elantra,2018,5,Petrol,6.4,600,2,461.7,Low,Clear,1,0.41,0.59,24.23
318.2,419.7,Van,Hyundai,H1,2017,8,Petrol,8.7,1100,5,644.9,High,Hot,1,0.66,0.34,42.22
399.8,975.3,Bus,Toyota,Coaster,2023,30,Petrol,18.7,2000,15,215.4,Low,Windy,0,0.23,0.77,75.99
76.8,79.3,Bus,Mercedes,Sprinter,2025,40,Petrol,17.7,2000,3,170.9,High,Hot,0,0.64,0.36,16.9
426.5,756.6,Bus,Toyota,Coaster,2020,18,Petrol,19.1,3000,16,1043.4,Low,Hot,1,0.61,0.39,107.07
176.5,364.4,Car,Kia,Cerato,2022,5,Petrol,7.5,400,5,280.1,Low,Clear,0,0.5,0.5,15.15
404.2,426.3,Car,Toyota,Corolla,2016,5,Diesel,7.6,600,5,264.0,Low,Rain,0,0.9,0.1,39.88
271.2,340.4,Car,Nissan,Sunny,2020,4,Diesel,6.6,400,1,289.5,Low,Clear,0,0.42,0.58,19.21
167.7,291.1,Van,Ford,Transit,2025,12,Diesel,9.5,1100,4,466.3,High,Rain,0,0.41,0.59,22.64
203.7,225.5,Bus,Toyota,Coaster,2019,22,Petrol,19.0,3000,7,619.8,Medium,Clear,0,0.43,0.57,46.19
21.8,60.5,Van,Toyota,Hiace,2025,8,Petrol,9.6,900,5,646.2,High,Clear,0,0.64,0.36,2.79
111.5,276.4,Car,Toyota,Corolla,2021,4,Petrol,7.5,600,3,472.2,Medium,Rain,1,0.6,0.4,12.19
433.6,587.3,Bus,Isuzu,Bus,2025,30,Petrol,15.4,2000,1,328.1,Medium,Clear,0,0.53,0.47,75.21
342.1,317.2,Bus,Toyota,Coaster,2019,40,Petrol,19.8,3000,30,1077.9,Low,Rain,0,0.32,0.68,79.41
46.4,75.9,Van,Hyundai,H1,2020,8,Diesel,11.3,900,2,508.0,Low,Rain,1,0.4,0.6,7.27
107.0,128.5,Van,Ford,Transit,2019,10,Petrol,9.4,700,6,126.1,Low,,0,0.67,0.33,11.39
86.4,105.1,Van,Hyundai,H1,2023,12,Petrol,10.5,1100,7,259.9,High,Hot,0,0.55,0.45,12.1
10.3,37.4,Car,Nissan,Sunny,2016,4,Diesel,7.7,500,3,193.6,Medium,Hot,1,0.3,0.7,1.08
85.1,184.6,Car,Nissan,Sunny,2023,5,Petrol,6.9,500,2,410.8,High,Windy,0,0.57,0.43,8.71
325.6,336.3,Car,Hyundai,Elantra,2024,5,Diesel,7.2,600,5,517.9,Low,Rain,0,0.69,0.31,27.84
419.7,693.6,Van,Ford,Transit,2024,12,Diesel,9.5,900,2,329.0,High,Hot,0,0.93,0.07,54.55
192.7,235.1,Car,Nissan,Sunny,2021,5,Diesel,7.2,400,1,50.1,Medium,Hot,1,0.37,0.63,17.25
328.9,388.7,Van,Hyundai,H1,2018,14,Diesel,10.2,700,12,529.8,Low,Hot,1,0.19,0.81,39.73
142.7,249.1,Bus,Mercedes,Sprinter,2022,18,Diesel,14.8,1500,5,174.9,Low,Clear,0,0.66,0.34,24.09
267.9,376.7,Van,Ford,Transit,2018,14,Petrol,9.0,1100,10,489.8,High,Windy,1,0.51,0.49,34.04
132.6,184.3,Van,Toyota,Hiace,2021,12,Petrol,8.5,1100,8,1042.7,Medium,Windy,0,0.75,0.25,15.61
373.6,648.8,Car,Nissan,Sunny,2022,5,Diesel,7.0,400,2,216.3,High,Windy,1,0.65,0.35,38.75
316.7,416.1,Car,Kia,Cerato,2020,4,Petrol,7.6,600,2,48.8,High,Clear,0,0.93,0.07,30.45
354.6,462.9,Car,Hyundai,Elantra,2020,4,Diesel,7.2,500,1,178.5,Low,Clear,1,0.76,0.24,28.58
93.6,104.0,Car,Toyota,Corolla,2016,4,Petrol,7.0,500,2,247.0,High,Windy,1,0.23,0.77,9.96
286.6,443.4,Car,Kia,Cerato,2019,4,Diesel,8.2,400,3,242.2,Medium,Hot,0,0.92,0.08,32.07
419.2,380.6,Car,Hyundai,Elantra,2021,4,Diesel,7.2,600,1,226.2,Low,Clear,0,0.51,0.49,31.95
319.4,400.7,Car,Nissan,Sunny,2023,5,Petrol,7.8,500,4,111.1,Low,Windy,1,0.72,0.28,29.29
331.5,327.8,Van,Hyundai,H1,2022,12,Diesel,10.3,1100,6,858.1,Low,Windy,0,0.66,0.34,41.06
47.8,58.6,Bus,Mercedes,Sprinter,2017,30,Diesel,15.3,3000,5,230.8,Low,Hot,0,0.51,0.49,7.93
10.8,31.1,Bus,Isuzu,Bus,2017,30,Diesel,13.3,1500,30,1069.9,Low,Rain,0,0.41,0.59,1.89
432.5,906.7,Van,Ford,Transit,2019,8,Petrol,11.4,900,7,186.7,High,,0,0.57,0.43,68.23
183.7,283.2,Bus,Toyota,Coaster,2024,40,Diesel,19.2,1500,39,542.8,Medium,Windy,1,0.82,0.18,46.86
432.9,590.4,Car,Hyundai,Elantra,2021,5,Diesel,7.9,600,1,590.1,High,Clear,0,0.94,0.06,46.95
66.6,115.8,Car,Kia,Cerato,2018,4,Petrol,6.2,500,2,143.0,Medium,Clear,1,0.58,0.42,5.08
174.8,202.5,Van,Ford,Transit,2025,8,Petrol,10.9,900,6,326.2,Medium,Rain,0,0.84,0.16,24.31
228.6,398.9,Car,Kia,Cerato,2021,4,Petrol,6.8,600,4,583.2,High,Clear,0,0.47,0.53,22.04
228.3,237.2,Bus,Isuzu,Bus,2022,18,Petrol,16.8,2000,5,587.5,Low,Rain,1,0.65,0.35,47.08
160.0,263.3,Van,Ford,Transit,2021,8,Petrol,9.0,900,1,697.3,Low,Windy,1,0.63,0.37,18.18
391.6,384.9,Bus,Mercedes,Sprinter,2018,18,Petrol,18.2,1500,4,380.0,Medium,Clear,1,0.28,0.72,89.44
264.4,295.3,Van,Ford,Transit,2022,10,Petrol,11.3,1100,3,84.9,Low,Windy,0,0.5,0.5,35.22
441.0,575.3,Bus,Toyota,Coaster,2019,18,Petrol,13.1,3000,11,591.9,High,Clear,0,0.27,0.73,77.95
163.1,283.4,Van,Hyundai,H1,2021,14,Petrol,11.5,700,9,207.6,Low,Windy,1,0.86,0.14,24.52
236.7,282.7,Car,Kia,Cerato,2022,5,Diesel,7.6,400,2,178.6,High,Hot,1,0.92,0.08,29.27
409.8,582.1,Bus,Mercedes,Sprinter,2024,22,Petrol,19.0,2000,5,794.4,High,Hot,1,0.16,0.84,110.66
72.6,138.5,Van,Hyundai,H1,2020,14,Petrol,9.7,1100,1,843.4,High,Windy,0,0.61,0.39,9.52
66.2,123.7,Car,Nissan,Sunny,2023,5,Diesel,6.5,500,1,464.2,Medium,Hot,0,0.74,0.26,5.38
325.5,485.5,Van,Hyundai,H1,2022,10,Petrol,10.2,700,10,423.8,High,,0,0.48,0.52,45.82
89.5,147.0,Bus,Toyota,Coaster,2016,18,Diesel,16.9,3000,10,564.4,Medium,Windy,0,0.69,0.31,20.49
65.2,106.0,Bus,Isuzu,Bus,2024,18,Petrol,14.3,3000,6,555.3,High,Hot,1,0.18,0.82,12.57
277.4,535.7,Car,Nissan,Sunny,2024,5,Petrol,6.2,600,1,465.6,Medium,Hot,0,0.84,0.16,21.82
282.0,481.4,Van,Ford,Transit,2016,10,Diesel,9.0,700,8,389.6,Low,Rain,0,0.28,0.72,32.31
370.0,656.0,Bus,Mercedes,Sprinter,2024,22,Diesel,19.2,2000,2,790.9,Low,Hot,0,0.67,0.33,88.04
259.7,339.0,Car,Nissan,Sunny,2025,4,Petrol,6.4,500,3,467.1,Low,Windy,1,0.41,0.59,20.64
189.1,339.6,Van,Hyundai,H1,2024,10,Diesel,9.0,900,1,116.2,High,Clear,1,0.72,0.28,23.72
236.3,282.7,Bus,Isuzu,Bus,2023,30,Petrol,19.5,3000,6,1062.7,Low,Windy,0,0.1,0.9,46.3
10.0,29.7,Van,Hyundai,H1,2019,8,Diesel,9.8,1100,2,352.4,High,Windy,0,0.2,0.8,1.25
359.8,416.4,Car,Hyundai,Elantra,2023,5,Petrol,8.1,600,4,537.4,High,Windy,1,0.77,0.23,44.29
310.0,332.2,Bus,Isuzu,Bus,2025,30,Petrol,16.9,1500,12,98.1,Low,Windy,0,0.39,0.61,55.84
125.8,288.0,Bus,Mercedes,Sprinter,2016,30,Petrol,17.9,2000,12,553.2,Medium,Hot,1,0.25,0.75,29.61
416.0,448.7,Bus,Mercedes,Sprinter,2021,40,Petrol,19.3,1500,21,189.1,Low,Hot,0,0.72,0.28,91.78
346.0,360.1,Bus,Mercedes,Sprinter,2024,30,Diesel,16.3,1500,25,388.3,Low,Windy,0,0.26,0.74,59.53
233.8,422.8,Van,Toyota,Hiace,2024,10,Diesel,9.6,700,6,204.3,High,Windy,0,0.25,0.75,28.18
179.4,217.1,Car,Nissan,Sunny,2022,4,Petrol,6.3,400,4,254.2,Medium,Windy,0,0.71,0.29,14.86
214.4,198.8,Car,Toyota,Corolla,2023,5,Diesel,6.2,500,5,143.9,Medium,Rain,0,0.69,0.31,17.83
274.0,542.5,Van,Toyota,Hiace,2021,12,Diesel,10.4,700,12,561.8,Medium,Clear,1,0.55,0.45,36.93
196.9,190.1,Car,Nissan,Sunny,2025,5,Diesel,6.2,400,3,226.9,Low,Hot,0,0.73,0.27,15.17
36.0,97.6,Van,Ford,Transit,2022,8,Petrol,11.8,700,7,242.6,High,Clear,0,0.28,0.72,5.02
96.5,102.3,Van,Ford,Transit,2019,12,Diesel,10.1,1100,11,348.9,Medium,Windy,0,0.6,0.4,12.38
388.3,375.2,Van,Ford,Transit,2017,8,Petrol,8.5,1100,7,695.2,High,Rain,1,0.42,0.58,52.79
10.2,19.9,Van,Hyundai,H1,2018,14,Diesel,9.1,1100,8,730.6,Low,Clear,0,0.65,0.35,1.06
176.2,316.3,Van,Ford,Transit,2023,10,Diesel,10.3,900,1,528.6,High,,1,0.45,0.55,27.07
68.2,100.3,Van,Ford,Transit,2017,12,Petrol,9.0,900,5,429.1,Low,Clear,0,0.5,0.5,7.24
207.0,208.2,Van,Ford,Transit,2023,8,Diesel,12.1,1100,6,474.7,Medium,Windy,0,0.13,0.87,31.74
17.1,30.1,Car,Nissan,Sunny,2025,4,Diesel,7.4,600,1,513.8,Medium,Windy,0,0.62,0.38,1.58
220.8,243.8,Car,Hyundai,Elantra,2019,5,Diesel,6.9,400,3,393.9,Low,Hot,1,0.74,0.26,20.42
79.6,123.8,Car,Hyundai,Elantra,2016,5,Diesel,6.1,500,5,132.2,High,Rain,1,0.32,0.68,7.47
430.5,609.3,Bus,Toyota,Coaster,2021,18,Petrol,13.7,3000,9,415.3,Medium,Clear,1,0.66,0.34,72.38
375.1,888.7,Bus,Toyota,Coaster,2016,22,Petrol,15.2,1500,4,828.9,Medium,Hot,1,0.31,0.69,73.13
297.1,291.3,Car,Toyota,Corolla,2022,4,Petrol,6.2,600,2,539.7,High,Hot,1,0.35,0.65,28.52
175.3,269.7,Bus,Isuzu,Bus,2016,30,Diesel,14.8,1500,27,332.3,Medium,Clear,1,0.93,0.07,33.17
51.0,127.5,Car,Nissan,Sunny,2020,4,Petrol,7.5,400,3,315.4,Low,Rain,0,0.65,0.35,4.48
217.8,325.9,Bus,Toyota,Coaster,2023,40,Diesel,17.0,3000,5,657.4,Low,Rain,1,0.2,0.8,45.68
343.4,551.6,Car,Toyota,Corolla,2023,5,Diesel,7.3,500,5,38.9,Medium,Hot,1,0.69,0.31,35.18
111.1,181.7,Bus,Mercedes,Sprinter,2025,22,Petrol,13.2,1500,21,383.1,High,Rain,0,0.13,0.87,18.37
108.7,254.3,Bus,Isuzu,Bus,2025,40,Petrol,19.6,3000,32,791.5,Medium,Clear,0,0.7,0.3,23.78
226.2,233.1,Van,Ford,Transit,2017,10,Petrol,11.8,700,4,309.8,High,Rain,1,0.2,0.8,41.95
79.8,124.1,Bus,Mercedes,Sprinter,2022,30,Diesel,13.4,2000,8,1112.3,Low,Hot,0,0.77,0.23,13.16
399.7,573.6,Car,Toyota,Corolla,2025,4,Petrol,6.4,400,4,283.1,Low,Hot,1,0.54,0.46,32.28
7.0,19.7,Car,Nissan,Sunny,2022,4,Diesel,7.6,500,1,317.1,High,Hot,1,0.75,0.25,0.83
292.0,479.0,Bus,Toyota,Coaster,2016,40,Petrol,14.2,3000,22,747.8,Medium,Clear,0,0.73,0.27,54.7
263.0,383.5,Bus,Mercedes,Sprinter,2025,18,Petrol,19.3,3000,11,291.5,Low,,0,0.18,0.82,56.33
417.9,566.1,Van,Ford,Transit,2019,14,Petrol,8.7,900,3,422.8,Low,Windy,1,0.27,0.73,41.56
74.8,102.7,Van,Hyundai,H1,2025,10,Petrol,11.5,700,3,413.1,High,Hot,0,0.45,0.55,11.95
401.9,475.8,Car,Nissan,Sunny,2019,4,Diesel,6.6,500,1,220.5,Low,Clear,1,0.72,0.28,32.3
427.7,840.9,Car,Nissan,Sunny,2022,5,Petrol,6.6,600,1,29.2,High,Windy,0,0.7,0.3,39.38
318.2,782.5,Bus,Toyota,Coaster,2023,22,Petrol,18.5,2000,13,1074.3,Medium,Clear,1,0.46,0.54,72.22
54.4,99.2,Van,Ford,Transit,2016,8,Petrol,10.6,1100,6,415.7,High,Clear,0,0.22,0.78,7.31
128.3,290.0,Car,Hyundai,Elantra,2022,5,Petrol,6.9,500,4,260.7,Low,Rain,1,0.48,0.52,11.25
127.8,153.4,Car,Nissan,Sunny,2018,4,Petrol,6.7,400,2,217.9,High,Clear,1,0.45,0.55,12.56
376.6,480.4,Bus,Isuzu,Bus,2019,18,Diesel,15.0,1500,11,793.8,Medium,Rain,1,0.49,0.51,81.45
131.6,136.5,Van,Hyundai,H1,2021,12,Petrol,11.6,700,3,504.0,Medium,Hot,0,0.81,0.19,20.88
255.3,589.6,Van,Ford,Transit,2019,10,Diesel,10.3,900,6,150.2,Medium,Hot,1,0.2,0.8,31.36
436.5,474.2,Car,Toyota,Corolla,2020,5,Petrol,7.6,500,2,403.8,High,Rain,1,0.69,0.31,55.65
46.2,121.9,Van,Toyota,Hiace,2021,14,Petrol,11.0,700,10,378.0,Medium,Hot,0,0.17,0.83,6.58
323.6,453.5,Van,Hyundai,H1,2018,8,Diesel,12.1,900,1,270.5,Medium,Windy,1,0.84,0.16,50.25
271.1,529.6,Van,Toyota,Hiace,2025,14,Diesel,11.4,900,14,482.3,Medium,Clear,1,0.18,0.82,37.75
223.3,228.6,Bus,Isuzu,Bus,2024,22,Diesel,14.4,2000,19,378.6,High,Rain,0,0.12,0.88,39.61
17.7,35.2,Van,Toyota,Hiace,2019,12,Diesel,10.2,900,2,547.0,Medium,Rain,1,0.84,0.16,2.74
70.0,114.1,Bus,Isuzu,Bus,2016,18,Petrol,18.9,1500,12,212.7,Medium,Windy,1,0.64,0.36,19.14
148.6,253.4,Car,Hyundai,Elantra,2024,4,Petrol,7.9,600,3,177.4,High,Windy,0,0.55,0.45,15.28
73.8,136.4,Van,Hyundai,H1,2019,14,Petrol,9.9,700,9,437.1,High,Clear,1,0.49,0.51,9.74
344.8,534.9,Van,Ford,Transit,2024,12,Petrol,9.1,900,1,675.1,Low,Hot,0,0.83,0.17,36.51
92.4,230.9,Car,Nissan,Sunny,2016,4,Petrol,6.2,500,1,245.2,Medium,Clear,0,0.36,0.64,6.45
381.4,368.3,Bus,Mercedes,Sprinter,2018,22,Petrol,17.7,1500,12,435.6,High,Hot,0,0.18,0.82,91.71
168.1,211.8,Car,Toyota,Corolla,2023,4,Petrol,8.3,600,1,124.9,Medium,Rain,1,0.28,0.72,17.8
252.9,578.8,Van,Toyota,Hiace,2020,10,Diesel,10.5,900,2,358.6,Medium,Windy,1,0.29,0.71,33.91
181.4,246.2,Bus,Toyota,Coaster,2017,22,Diesel,13.1,3000,4,189.2,Medium,Clear,0,0.16,0.84,29.14
126.5,146.5,Car,Nissan,Sunny,2025,5,Diesel,6.7,600,4,226.5,High,Rain,1,0.53,0.47,12.14
226.7,528.6,Van,Toyota,Hiace,2017,10,Diesel,8.6,1100,10,753.5,Low,Windy,0,0.75,0.25,24.65
248.2,225.2,Bus,Toyota,Coaster,2024,40,Diesel,16.5,3000,28,1058.5,Low,Rain,1,0.37,0.63,50.72
221.9,466.8,Bus,Toyota,Coaster,2022,22,Petrol,16.4,1500,22,673.5,High,,1,0.58,0.42,52.8
17.5,64.8,Van,Ford,Transit,2016,12,Diesel,11.6,900,6,732.4,High,Clear,1,0.42,0.58,2.97
391.7,788.7,Car,Hyundai,Elantra,2017,4,Petrol,7.6,600,3,41.7,High,Rain,1,0.33,0.67,45.77
154.5,218.8,Van,Hyundai,H1,2019,8,Petrol,11.7,700,6,133.3,Medium,Windy,1,0.27,0.73,23.6
282.9,272.2,Van,Hyundai,H1,2019,8,Petrol,9.7,1100,2,659.2,Medium,Clear,1,0.46,0.54,34.85
234.3,273.3,Van,Hyundai,H1,2025,12,Diesel,9.3,900,1,572.5,High,Hot,1,0.28,0.72,34.24
112.0,138.8,Bus,Toyota,Coaster,2018,18,Petrol,16.7,2000,14,504.1,Low,Hot,1,0.33,0.67,22.22
211.6,268.9,Van,Toyota,Hiace,2020,8,Petrol,9.1,700,1,157.4,Medium,Hot,0,0.32,0.68,24.59
404.1,466.2,Car,Toyota,Corolla,2022,4,Petrol,6.8,500,4,472.7,High,Hot,0,0.2,0.8,39.81
375.4,412.3,Van,Hyundai,H1,2021,8,Diesel,9.5,700,4,656.1,Low,Hot,0,0.25,0.75,45.57
193.6,237.5,Van,Ford,Transit,2024,12,Petrol,11.3,700,3,266.8,High,Windy,1,0.12,0.88,32.43
406.9,455.6,Bus,Isuzu,Bus,2021,22,Diesel,14.8,2000,8,1032.0,Medium,Clear,1,0.89,0.11,85.02
126.9,290.7,Car,Hyundai,Elantra,2016,5,Petrol,7.6,600,4,293.2,Medium,Windy,1,0.85,0.15,14.42
285.4,291.0,Van,Hyundai,H1,2018,12,Petrol,10.3,700,7,156.1,Medium,Windy,0,0.19,0.81,33.81
310.9,324.9,Van,Hyundai,H1,2018,14,Petrol,12.0,700,4,77.4,Medium,Hot,1,0.84,0.16,54.94
317.1,598.8,Bus,Isuzu,Bus,2020,22,Petrol,19.3,2000,14,728.5,Low,Clear,1,0.24,0.76,70.81
133.1,177.3,Bus,Toyota,Coaster,2020,18,Petrol,14.6,1500,7,728.1,Medium,Hot,1,0.25,0.75,26.99
43.2,83.0,Bus,Toyota,Coaster,2023,22,Petrol,15.6,3000,13,830.5,High,Rain,1,0.73,0.27,9.92
7.4,23.8,Car,Nissan,Sunny,2016,5,Diesel,8.5,600,4,409.3,Low,Clear,0,0.32,0.68,0.72
440.4,586.0,Van,Ford,Transit,2016,14,Diesel,9.1,700,5,528.5,Medium,Windy,1,0.62,0.38,59.61
28.7,65.1,Van,Ford,Transit,2023,14,Diesel,11.6,700,1,339.8,Low,Rain,1,0.2,0.8,4.46
160.6,294.1,Bus,Toyota,Coaster,2017,40,Diesel,16.5,3000,11,904.9,Medium,Hot,0,0.55,0.45,34.41
180.4,238.7,Bus,Mercedes,Sprinter,2017,30,Diesel,13.2,3000,27,401.8,Low,Clear,1,0.81,0.19,29.54
149.6,178.3,Bus,Mercedes,Sprinter,2023,30,Petrol,19.8,3000,26,691.6,Low,Clear,1,0.37,0.63,31.23
384.3,737.6,Car,Nissan,Sunny,2016,5,Diesel,6.4,500,3,330.6,High,Hot,0,0.35,0.65,37.0
203.2,298.8,Van,Ford,Transit,2023,8,Petrol,11.8,1100,7,117.4,Medium,Windy,0,0.47,0.53,28.16
134.4,208.2,Car,Hyundai,Elantra,2017,5,Petrol,7.3,600,4,194.2,Low,Windy,0,0.54,0.46,11.08
366.7,556.3,Car,Nissan,Sunny,2025,5,Petrol,6.2,600,5,29.4,High,Rain,0,0.77,0.23,33.69
156.9,167.2,Bus,Isuzu,Bus,2020,40,Diesel,18.3,2000,14,238.4,High,Windy,0,0.47,0.53,34.73
139.7,156.5,Van,Hyundai,H1,2023,14,Petrol,12.0,1100,12,747.7,High,Rain,1,0.17,0.83,23.81
198.9,249.2,Car,Toyota,Corolla,2019,4,Petrol,7.2,400,2,52.7,Medium,Hot,1,0.46,0.54,17.73
374.1,539.9,Van,Toyota,Hiace,2025,14,Diesel,10.8,700,2,448.7,High,Rain,1,0.82,0.18,67.06
192.8,301.6,Bus,Isuzu,Bus,2016,40,Petrol,14.6,1500,27,1069.2,Low,Rain,1,0.48,0.52,38.29
415.2,415.8,Van,Hyundai,H1,2021,10,Diesel,10.5,1100,8,161.7,Medium,Rain,1,0.81,0.19,62.47
74.6,119.8,Car,Kia,Cerato,2019,4,Petrol,7.7,400,4,135.4,Low,Clear,0,0.4,0.6,6.03
104.7,185.1,Car,Kia,Cerato,2024,5,Petrol,6.3,400,3,312.4,High,Windy,0,0.83,0.17,10.02
79.3,167.1,Car,Toyota,Corolla,2017,4,Diesel,8.1,400,3,79.7,Medium,Rain,1,0.72,0.28,8.62
156.9,204.4,Car,Nissan,Sunny,2023,5,Diesel,7.9,400,3,291.8,Medium,Windy,0,0.23,0.77,15.9
425.0,592.0,Van,Hyundai,H1,2021,14,Petrol,12.3,1100,12,890.7,Low,Clear,1,0.37,0.63,67.54
437.8,625.9,Bus,Isuzu,Bus,2024,22,Petrol,19.3,1500,18,1050.8,High,Windy,1,0.11,0.89,115.8
397.0,845.7,Car,Nissan,Sunny,2019,5,Diesel,8.2,600,4,440.6,High,Hot,1,0.28,0.72,48.94
444.2,895.8,Car,Toyota,Corolla,2022,5,Petrol,6.6,500,3,144.7,High,Windy,0,0.14,0.86,38.44
380.8,655.7,Van,Hyundai,H1,2024,10,Petrol,11.7,1100,10,746.2,High,Rain,0,0.19,0.81,63.09
194.1,387.8,Car,Hyundai,Elantra,2016,5,Diesel,8.1,400,1,160.3,High,Rain,1,0.84,0.16,25.95
62.6,92.8,Bus,Toyota,Coaster,2023,22,Diesel,14.0,1500,4,839.5,Medium,Rain,0,0.73,0.27,12.64
73.2,135.1,Van,Toyota,Hiace,2024,8,Diesel,10.0,900,5,278.7,Low,Hot,0,0.77,0.23,8.51
190.8,244.6,Bus,Toyota,Coaster,2016,18,Diesel,13.9,2000,11,942.0,Medium,Hot,0,0.53,0.47,34.6
25.4,43.7,Car,Nissan,Sunny,2024,5,Petrol,6.6,500,3,330.0,Low,Clear,1,0.58,0.42,1.9
297.9,394.3,Bus,Mercedes,Sprinter,2017,22,Diesel,18.3,3000,9,948.4,Low,Rain,0,0.79,0.21,70.06
119.4,245.0,Van,Hyundai,H1,2022,10,Petrol,10.2,1100,3,328.2,Low,Windy,0,0.23,0.77,14.31
402.4,688.1,Car,Toyota,Corolla,2022,5,Petrol,7.0,500,1,44.9,Low,Hot,1,0.53,0.47,33.97
411.6,974.7,Bus,Toyota,Coaster,2019,18,Petrol,16.4,2000,4,310.7,High,Hot,1,0.58,0.42,97.77
23.6,52.0,Bus,Mercedes,Sprinter,2023,22,Diesel,16.8,2000,20,361.3,Low,Clear,0,0.89,0.11,4.38
36.1,97.1,Bus,Mercedes,Sprinter,2025,30,Diesel,13.3,3000,27,184.8,High,Windy,1,0.28,0.72,6.53
98.7,100.1,Van,Ford,Transit,2021,14,Diesel,9.6,1100,12,164.4,Low,Rain,0,0.87,0.13,11.82
244.7,250.7,Van,Hyundai,H1,2017,8,Petrol,11.6,1100,8,746.0,Medium,Rain,1,0.43,0.57,43.72
90.2,108.3,Van,Toyota,Hiace,2021,10,Petrol,11.5,900,4,226.1,Medium,Windy,0,0.34,0.66,13.15
304.1,359.4,Car,Kia,Cerato,2025,5,Diesel,6.4,400,5,68.7,Low,Hot,1,0.89,0.11,25.84
290.2,264.5,Bus,Isuzu,Bus,2022,30,Diesel,17.8,2000,11,530.4,Medium,Windy,0,0.68,0.32,63.27
91.6,210.9,Car,Kia,Cerato,2022,5,Diesel,7.3,500,1,495.3,Low,Rain,0,0.88,0.12,8.37
379.0,646.4,Car,Toyota,Corolla,2021,5,Petrol,7.1,400,3,336.4,Medium,Hot,0,0.76,0.24,36.62
32.6,38.4,Car,Toyota,Corolla,2018,4,Petrol,6.9,600,4,58.2,High,Clear,0,0.35,0.65,2.79
280.6,446.4,Bus,Isuzu,Bus,2025,18,Petrol,16.2,2000,1,555.8,Medium,Hot,0,0.19,0.81,55.33
87.7,174.8,Car,Kia,Cerato,2023,5,Petrol,7.1,600,2,200.8,Medium,Windy,1,0.6,0.4,8.25
30.5,64.1,Van,Hyundai,H1,2018,12,Diesel,12.4,1100,1,475.8,Low,Hot,0,0.77,0.23,4.5
51.7,75.9,Bus,Toyota,Coaster,2018,30,Diesel,17.3,2000,16,278.9,Low,Hot,0,0.5,0.5,9.86
37.8,93.9,Car,Nissan,Sunny,2016,4,Diesel,8.1,400,3,187.4,High,Windy,0,0.93,0.07,4.26
410.2,970.6,Van,Ford,Transit,2020,10,Diesel,9.2,700,7,465.3,Low,Windy,0,0.36,0.64,41.89
242.0,271.1,Van,Ford,Transit,2019,8,Petrol,9.0,700,7,684.3,Low,Clear,0,0.83,0.17,25.44
33.9,66.3,Van,Toyota,Hiace,2025,14,Diesel,9.3,700,11,530.8,Medium,Rain,1,0.25,0.75,4.57
97.2,105.7,Van,Ford,Transit,2016,14,Diesel,11.1,1100,4,447.6,Medium,Rain,1,0.59,0.41,16.81
212.0,255.9,Car,Kia,Cerato,2016,5,Diesel,7.3,400,4,184.4,Medium,Rain,1,0.33,0.67,20.43
354.7,326.5,Van,Toyota,Hiace,2017,12,Diesel,11.9,1100,2,409.1,High,Hot,1,0.27,0.73,60.4
353.5,506.4,Car,Hyundai,Elantra,2021,5,Petrol,6.0,500,5,383.7,Low,Rain,0,0.84,0.16,26.04
195.8,189.8,Bus,Toyota,Coaster,2019,40,Diesel,15.4,1500,29,551.0,High,Clear,1,0.22,0.78,43.43
344.5,381.1,Bus,Toyota,Coaster,2022,30,Diesel,14.6,2000,19,47.4,Low,Hot,0,0.93,0.07,63.03
289.4,457.9,Car,Nissan,Sunny,2023,4,Diesel,7.2,500,2,35.4,High,Rain,0,0.26,0.74,26.02
81.5,92.1,Bus,Isuzu,Bus,2016,18,Petrol,16.2,2000,6,1187.7,Low,Rain,1,0.73,0.27,18.04
95.3,116.3,Van,Ford,Transit,2025,14,Petrol,9.1,1100,4,28.0,Low,Rain,0,0.8,0.2,10.5
159.3,176.7,Van,Hyundai,H1,2023,8,Diesel,11.4,900,7,559.5,Low,Rain,0,0.25,0.75,22.16
126.8,155.1,Bus,Isuzu,Bus,2018,18,Petrol,15.8,1500,3,843.7,High,Hot,1,0.45,0.55,31.58
24.9,78.0,Bus,Toyota,Coaster,2024,40,Petrol,16.2,2000,30,469.8,High,Rain,0,0.44,0.56,5.16
297.4,328.4,Bus,Isuzu,Bus,2024,40,Petrol,16.4,1500,31,988.1,Low,Hot,0,0.62,0.38,55.5
322.9,315.6,Car,Toyota,Corolla,2019,5,Petrol,6.4,500,4,354.4,High,Clear,1,0.69,0.31,30.08
445.2,674.8,Car,Kia,Cerato,2016,4,Diesel,6.5,400,1,103.8,Low,Hot,0,0.14,0.86,33.25
52.1,84.4,Bus,Mercedes,Sprinter,2019,40,Diesel,19.6,1500,21,34.1,Low,Rain,0,0.16,0.84,12.21
357.1,341.4,Van,Ford,Transit,2024,14,Petrol,12.4,700,5,672.1,High,Windy,1,0.68,0.32,73.2
204.8,279.6,Van,Ford,Transit,2025,14,Diesel,8.8,700,9,419.5,Low,Hot,0,0.62,0.38,22.87
72.5,133.2,Bus,Mercedes,Sprinter,2019,18,Petrol,14.0,2000,15,892.3,Medium,Hot,1,0.37,0.63,14.31
96.6,239.2,Van,Toyota,Hiace,2019,10,Petrol,11.9,900,4,725.3,High,Hot,1,0.54,0.46,16.9
268.7,286.6,Car,Toyota,Corolla,2018,4,Diesel,8.3,400,2,212.8,Medium,Rain,1,0.24,0.76,29.79
40.6,50.4,Van,Ford,Transit,2023,14,Petrol,12.4,700,3,340.1,Medium,Rain,0,0.8,0.2,7.09
211.3,293.6,Van,Ford,Transit,2022,10,Petrol,10.7,700,10,347.0,Medium,Hot,1,0.27,0.73,31.84
222.9,268.1,Van,Hyundai,H1,2022,14,Diesel,12.3,1100,7,975.8,Low,Rain,0,0.27,0.73,33.38
332.4,561.3,Bus,Toyota,Coaster,2022,30,Petrol,17.9,3000,27,446.5,High,Clear,0,0.32,0.68,73.01
182.0,240.1,Bus,Mercedes,Sprinter,2022,18,Diesel,13.8,1500,17,1093.7,Medium,Hot,1,0.31,0.69,32.96
316.1,759.2,Car,Kia,Cerato,2022,4,Petrol,6.7,400,4,20.6,Low,,1,0.66,0.34,27.71
367.4,667.4,Car,Hyundai,Elantra,2025,5,Petrol,6.5,400,2,327.5,Low,Windy,1,0.47,0.53,32.09
265.6,364.5,Van,Toyota,Hiace,2016,14,Petrol,9.0,700,2,26.5,Medium,Clear,0,0.18,0.82,27.53
449.8,465.5,Van,Hyundai,H1,2021,12,Petrol,10.9,900,11,370.7,High,Clear,1,0.84,0.16,73.29
169.0,213.4,Bus,Mercedes,Sprinter,2019,18,Diesel,17.2,3000,16,627.6,High,Hot,0,0.94,0.06,44.28
358.3,557.0,Bus,Toyota,Coaster,2025,40,Petrol,14.6,2000,31,1184.5,High,Clear,1,0.35,0.65,68.88
444.3,606.9,Car,Hyundai,Elantra,2024,5,Petrol,8.0,500,1,251.4,High,Hot,0,0.28,0.72,49.95
428.4,487.5,Van,Hyundai,H1,2023,12,Petrol,9.4,900,9,577.5,Medium,Clear,1,0.84,0.16,57.39
134.5,282.4,Bus,Isuzu,Bus,2017,40,Diesel,18.7,1500,38,1125.9,High,Clear,1,0.21,0.79,34.9
236.3,282.8,Car,Hyundai,Elantra,2018,5,Petrol,8.4,500,4,24.4,Medium,Windy,0,0.79,0.21,23.95
147.5,208.1,Bus,Toyota,Coaster,2025,22,Diesel,18.2,3000,9,1196.3,High,Rain,0,0.52,0.48,39.36
328.7,538.2,Bus,Mercedes,Sprinter,2023,22,Diesel,17.9,1500,6,1189.5,High,Rain,1,0.46,0.54,91.86
180.2,373.8,Bus,Isuzu,Bus,2024,30,Diesel,15.0,1500,19,1041.7,Low,Windy,1,0.66,0.34,34.71
50.4,76.6,Car,Hyundai,Elantra,2025,4,Petrol,7.8,400,4,381.2,Medium,Hot,0,0.18,0.82,5.4
114.0,240.3,Bus,Toyota,Coaster,2022,40,Diesel,19.8,3000,20,831.8,Low,,0,0.76,0.24,29.06
105.1,152.3,Van,Toyota,Hiace,2024,8,Diesel,9.0,700,8,206.1,High,Clear,0,0.43,0.57,12.94
252.4,333.5,Van,Toyota,Hiace,2022,10,Petrol,10.1,1100,8,89.0,High,Clear,0,0.92,0.08,35.22
295.4,623.6,Car,Nissan,Sunny,2019,5,Petrol,6.3,400,1,52.2,Low,Windy,1,0.92,0.08,22.05
237.6,219.3,Van,Ford,Transit,2021,14,Diesel,9.1,900,9,469.3,High,Clear,0,0.3,0.7,26.27
192.8,244.1,Bus,Isuzu,Bus,2025,22,Petrol,17.1,2000,21,1086.3,Medium,Rain,0,0.9,0.1,46.28
274.2,383.7,Bus,Toyota,Coaster,2024,22,Diesel,18.0,3000,14,467.2,High,Hot,0,0.33,0.67,65.09
48.6,52.8,Van,Hyundai,H1,2016,12,Petrol,9.1,700,2,552.3,Low,Hot,1,0.6,0.4,6.26
426.2,614.9,Van,Ford,Transit,2021,12,Petrol,10.9,700,12,480.9,High,Rain,1,0.6,0.4,70.27
319.8,550.1,Bus,Isuzu,Bus,2021,30,Diesel,13.4,3000,23,560.2,Medium,Windy,1,0.53,0.47,53.26
39.1,72.9,Bus,Mercedes,Sprinter,2017,30,Diesel,15.8,2000,19,87.7,High,Windy,1,0.79,0.21,8.36
322.8,365.8,Van,Ford,Transit,2016,8,Petrol,10.1,1100,4,1093.8,High,Clear,1,0.92,0.08,52.83
436.5,673.3,Bus,Toyota,Coaster,2021,18,Petrol,16.0,2000,18,1023.9,Low,Windy,1,0.51,0.49,82.63
163.3,199.1,Car,Kia,Cerato,2016,4,Diesel,8.3,600,3,82.2,Medium,Hot,1,0.4,0.6,17.04
105.6,160.6,Car,Nissan,Sunny,2020,4,Diesel,8.3,400,4,359.0,High,Windy,0,0.94,0.06,13.25
180.6,212.8,Car,Kia,Cerato,2018,4,Petrol,6.3,500,2,339.8,Medium,Windy,0,0.46,0.54,14.74
74.2,117.9,Bus,Isuzu,Bus,2018,40,Diesel,13.9,1500,16,81.4,Medium,Rain,0,0.47,0.53,12.76
301.5,425.1,Bus,Mercedes,Sprinter,2019,22,Petrol,14.7,1500,4,847.4,High,Hot,0,0.94,0.06,66.05
93.8,102.6,Car,Kia,Cerato,2025,4,Diesel,8.3,500,3,356.1,Low,Hot,1,0.46,0.54,9.2
147.3,331.7,Van,Hyundai,H1,2019,12,Petrol,12.3,1100,1,733.3,Medium,Hot,1,0.5,0.5,26.9
347.9,690.3,Van,Hyundai,H1,2024,12,Diesel,8.9,1100,6,822.4,High,Windy,0,0.65,0.35,41.48
318.6,293.7,Bus,Isuzu,Bus,2019,18,Petrol,13.3,3000,18,750.4,Medium,Rain,0,0.55,0.45,52.24
410.3,893.2,Van,Ford,Transit,2017,12,Petrol,12.1,900,9,716.0,Low,Windy,0,0.35,0.65,63.88
199.8,269.2,Bus,Toyota,Coaster,2018,40,Petrol,17.8,3000,25,493.0,Medium,Hot,0,0.1,0.9,43.29
250.7,466.1,Bus,Isuzu,Bus,2020,30,Petrol,15.1,1500,8,364.4,High,Hot,1,0.89,0.11,54.87
149.4,159.7,Bus,Mercedes,Sprinter,2021,18,Petrol,17.5,3000,9,872.1,Medium,Windy,1,0.94,0.06,36.09
425.8,719.1,Car,Kia,Cerato,2022,4,Diesel,7.3,600,2,493.8,Low,Windy,1,0.27,0.73,39.25
367.9,689.7,Van,Toyota,Hiace,2018,14,Diesel,8.9,700,12,142.7,Medium,Clear,1,0.24,0.76,38.4
327.3,653.6,Car,Toyota,Corolla,2017,5,Petrol,6.6,600,1,369.9,Medium,Rain,0,0.19,0.81,26.42
384.5,808.9,Car,Toyota,Corolla,2021,4,Diesel,8.4,400,4,329.9,Medium,Windy,1,0.23,0.77,39.93
410.9,961.0,Car,Toyota,Corolla,2016,5,Petrol,6.3,500,2,189.6,Medium,Hot,1,0.68,0.32,37.81
415.9,403.2,Car,Kia,Cerato,2021,5,Diesel,6.2,500,5,92.5,Medium,Windy,0,0.68,0.32,29.74
356.0,364.4,Car,Kia,Cerato,2017,5,Diesel,7.7,500,2,173.7,Medium,Rain,1,0.79,0.21,37.66
224.9,318.5,Car,Kia,Cerato,2021,4,Diesel,6.5,500,3,86.3,High,Hot,1,0.46,0.54,20.81
95.5,104.6,Car,Nissan,Sunny,2016,4,Petrol,7.8,400,4,383.9,Low,Clear,1,0.41,0.59,9.99
57.2,69.5,Van,Toyota,Hiace,2018,10,Petrol,11.8,700,1,493.4,Medium,Windy,0,0.7,0.3,9.12
258.3,260.3,Car,Hyundai,Elantra,2016,5,Petrol,6.4,400,2,198.5,Low,Windy,1,0.45,0.55,20.44
307.6,305.4,Bus,Mercedes,Sprinter,2022,22,Petrol,16.5,1500,9,1104.6,High,Windy,0,0.46,0.54,66.11
274.3,600.3,Van,Ford,Transit,2024,8,Diesel,9.4,700,8,233.0,High,Rain,1,0.24,0.76,39.73
52.4,96.3,Car,Kia,Cerato,2024,5,Petrol,6.1,500,3,110.1,Low,Clear,0,0.33,0.67,3.63
431.6,557.9,Car,Kia,Cerato,2020,4,Petrol,8.4,400,4,295.8,Low,Clear,1,0.45,0.55,45.58
72.4,121.9,Bus,Toyota,Coaster,2018,40,Diesel,17.1,1500,6,1144.3,Low,Hot,0,0.75,0.25,14.7
111.4,115.8,Van,Hyundai,H1,2022,14,Petrol,8.7,1100,3,632.3,Medium,Clear,0,0.22,0.78,11.98
44.7,105.4,Car,Kia,Cerato,2021,4,Diesel,6.2,600,3,592.0,Medium,Rain,0,0.9,0.1,4.24
171.3,202.2,Van,Ford,Transit,2021,10,Petrol,10.3,1100,5,967.6,High,Clear,0,0.73,0.27,23.31
302.8,463.1,Van,Toyota,Hiace,2023,14,Diesel,11.9,700,9,632.1,Medium,Clear,0,0.25,0.75,40.77
317.5,422.3,Van,Toyota,Hiace,2019,12,Diesel,9.9,1100,1,608.7,Medium,Hot,0,0.37,0.63,37.01
125.1,147.1,Van,Toyota,Hiace,2022,8,Diesel,9.3,700,2,206.3,Low,Windy,1,0.84,0.16,14.51
216.6,241.1,Van,Hyundai,H1,2023,12,Petrol,9.2,900,12,404.4,High,Rain,0,0.58,0.42,30.4
11.3,38.7,Bus,Mercedes,Sprinter,2021,30,Diesel,17.6,3000,16,1039.9,Low,Rain,1,0.54,0.46,2.35
314.9,335.7,Van,Ford,Transit,2022,8,Diesel,8.6,1100,4,395.9,Low,Clear,1,0.79,0.21,29.88
194.5,182.9,Van,Ford,Transit,2024,14,Diesel,10.2,900,3,423.8,Medium,Hot,0,0.56,0.44,24.64
51.1,72.8,Car,Toyota,Corolla,2022,4,Diesel,6.2,400,1,260.7,High,Clear,1,0.82,0.18,4.4
8.4,22.6,Van,Toyota,Hiace,2022,12,Diesel,12.4,900,5,255.5,High,Windy,1,0.81,0.19,1.59
146.3,288.0,Car,Toyota,Corolla,2025,4,Diesel,6.4,500,4,136.1,Medium,Hot,1,0.8,0.2,13.34
107.8,121.7,Bus,Mercedes,Sprinter,2022,40,Petrol,19.3,3000,8,765.1,Medium,Windy,0,0.91,0.09,24.91
175.2,188.2,Bus,Mercedes,Sprinter,2025,18,Petrol,17.3,3000,15,768.7,Medium,,0,0.65,0.35,36.21
289.1,347.2,Van,Ford,Transit,2016,8,Petrol,9.6,700,8,650.5,Low,Clear,0,0.34,0.66,34.68
431.9,933.6,Van,Toyota,Hiace,2023,14,Petrol,11.7,900,7,802.9,High,,0,0.25,0.75,67.49
248.2,487.1,Car,Toyota,Corolla,2025,5,Petrol,8.5,500,1,112.6,Low,Clear,0,0.28,0.72,21.7
320.1,370.1,Car,Hyundai,Elantra,2021,5,Diesel,6.7,400,4,185.7,Medium,Hot,1,0.25,0.75,29.02
397.9,565.4,Bus,Toyota,Coaster,2022,22,Petrol,18.6,3000,11,755.0,High,Rain,1,0.27,0.73,105.67
182.2,387.7,Van,Ford,Transit,2021,14,Petrol,9.7,1100,7,874.2,Medium,Hot,0,0.28,0.72,21.99
358.9,348.1,Van,Ford,Transit,2025,8,Petrol,11.4,700,7,212.9,Low,Hot,0,0.58,0.42,48.92
362.2,487.9,Bus,Toyota,Coaster,2016,30,Petrol,18.7,1500,14,160.7,Medium,Hot,1,0.6,0.4,88.54
413.5,948.2,Car,Nissan,Sunny,2024,5,Petrol,6.3,500,1,245.5,Medium,Windy,1,0.37,0.63,33.22
380.2,347.0,Bus,Mercedes,Sprinter,2017,40,Diesel,15.1,2000,15,76.4,Low,Hot,0,0.94,0.06,72.96
54.3,55.1,Bus,Toyota,Coaster,2016,18,Petrol,19.5,1500,11,831.7,Medium,Windy,0,0.89,0.11,14.41
262.2,316.7,Van,Ford,Transit,2019,14,Petrol,11.2,1100,6,854.5,Medium,Hot,0,0.32,0.68,36.75
99.6,125.0,Bus,Isuzu,Bus,2016,22,Diesel,17.9,1500,13,241.7,Low,Windy,0,0.79,0.21,22.03
412.9,601.3,Van,Ford,Transit,2019,10,Diesel,11.9,700,10,369.2,Medium,Hot,0,0.34,0.66,58.87
12.4,27.9,Car,Hyundai,Elantra,2019,5,Diesel,8.2,600,4,403.9,Medium,Windy,1,0.2,0.8,1.36
26.9,66.4,Bus,Toyota,Coaster,2017,30,Diesel,13.4,2000,7,366.9,Medium,Hot,1,0.55,0.45,4.89
111.3,148.3,Car,Toyota,Corolla,2020,4,Petrol,6.3,400,4,168.9,Low,Hot,1,0.52,0.48,8.33
217.2,364.1,Bus,Toyota,Coaster,2025,18,Petrol,13.7,3000,8,220.9,High,Clear,0,0.26,0.74,38.61
307.2,310.6,Van,Hyundai,H1,2018,8,Diesel,9.2,900,8,533.2,Medium,Hot,1,0.19,0.81,40.22
223.3,347.1,Car,Hyundai,Elantra,2023,4,Diesel,6.2,600,4,167.1,Medium,Clear,1,0.36,0.64,16.58
164.0,392.3,Bus,Isuzu,Bus,2018,18,Petrol,14.0,2000,14,444.1,High,Clear,0,0.88,0.12,30.25
179.0,275.2,Bus,Toyota,Coaster,2021,22,Diesel,14.9,3000,10,244.9,High,Windy,0,0.47,0.53,34.3
253.4,487.6,Bus,Mercedes,Sprinter,2025,40,Petrol,17.8,3000,5,963.7,Low,Rain,0,0.28,0.72,55.38
354.4,475.8,Van,Hyundai,H1,2020,8,Petrol,8.7,700,3,668.5,High,Windy,0,0.95,0.05,43.53
270.7,511.1,Van,Toyota,Hiace,2020,14,Diesel,10.2,700,6,567.0,Low,Hot,1,0.22,0.78,35.18
239.3,272.9,Bus,Toyota,Coaster,2018,22,Diesel,15.6,2000,22,860.9,Medium,Windy,1,0.5,0.5,54.03
232.9,473.4,Van,Toyota,Hiace,2025,10,Diesel,11.0,900,10,792.5,Low,Rain,0,0.44,0.56,29.48
219.3,336.2,Van,Ford,Transit,2025,8,Petrol,9.8,700,1,497.1,High,Hot,1,0.22,0.78,33.47
396.6,502.9,Van,Ford,Transit,2025,10,Diesel,9.0,700,2,342.1,High,Rain,1,0.15,0.85,49.58
70.1,170.5,Bus,Toyota,Coaster,2022,40,Petrol,19.0,3000,16,221.5,High,Hot,1,0.51,0.49,18.24
367.0,707.4,Bus,Toyota,Coaster,2022,40,Diesel,15.7,1500,8,685.8,Low,Windy,0,0.65,0.35,70.94
385.8,499.6,Van,Ford,Transit,2024,14,Diesel,9.6,700,12,377.0,High,Clear,0,0.66,0.34,47.93
433.3,507.0,Bus,Toyota,Coaster,2022,40,Diesel,13.5,3000,33,935.0,High,Windy,0,0.69,0.31,80.26
420.7,567.6,Car,Toyota,Corolla,2023,4,Diesel,6.6,600,2,81.2,Low,Rain,1,0.88,0.12,33.51
173.0,168.7,Van,Ford,Transit,2023,8,Diesel,12.2,900,4,192.2,Medium,Rain,1,0.29,0.71,29.29
349.6,441.4,Bus,Mercedes,Sprinter,2021,18,Diesel,14.4,1500,11,238.7,High,Rain,0,0.81,0.19,72.57
258.3,522.4,Bus,Mercedes,Sprinter,2017,18,Diesel,16.1,3000,4,159.2,Low,Clear,1,0.12,0.88,49.12
242.8,424.2,Bus,Toyota,Coaster,2017,18,Diesel,19.1,1500,17,388.4,High,Clear,0,0.6,0.4,65.7
248.5,285.1,Van,Hyundai,H1,2019,10,Petrol,9.8,700,1,180.2,Low,Clear,1,0.93,0.07,31.82
294.4,410.3,Van,Ford,Transit,2019,8,Petrol,8.9,900,4,38.9,Low,Clear,0,0.55,0.45,29.83
56.4,132.0,Van,Ford,Transit,2018,10,Petrol,10.2,900,6,329.6,Medium,Rain,0,0.3,0.7,6.98
200.2,331.3,Car,Toyota,Corolla,2018,4,Petrol,8.0,400,2,399.3,Low,Rain,1,0.66,0.34,23.2
423.9,435.4,Van,Ford,Transit,2020,12,Diesel,12.1,700,11,186.1,Medium,Windy,0,0.15,0.85,64.39
327.6,331.0,Bus,Mercedes,Sprinter,2021,30,Diesel,18.2,1500,8,844.0,High,Rain,0,0.12,0.88,87.18
388.9,557.6,Car,Toyota,Corolla,2016,5,Diesel,8.1,500,2,202.1,High,Rain,0,0.66,0.34,43.63
198.2,292.0,Van,Ford,Transit,2025,10,Diesel,11.5,900,1,730.5,High,Rain,1,0.83,0.17,39.66
129.9,151.7,Van,Toyota,Hiace,2016,14,Diesel,10.4,700,4,544.5,Medium,Windy,1,0.13,0.87,17.77
202.5,476.6,Car,Toyota,Corolla,2018,5,Diesel,7.4,500,1,483.6,Medium,Hot,1,0.15,0.85,22.39
61.6,77.9,Car,Nissan,Sunny,2023,4,Diesel,6.6,500,1,131.7,High,Clear,0,0.68,0.32,5.56
272.3,408.0,Bus,Toyota,Coaster,2016,30,Diesel,13.1,2000,15,153.6,Low,Hot,0,0.38,0.62,40.29
404.3,608.0,Car,Toyota,Corolla,2022,5,Petrol,7.5,500,3,318.5,Low,Windy,0,0.35,0.65,32.77
297.4,586.0,Bus,Isuzu,Bus,2016,30,Petrol,19.6,2000,21,112.6,Low,Hot,1,0.56,0.44,68.59
151.3,178.4,Bus,Toyota,Coaster,2019,30,Diesel,14.9,3000,8,557.9,High,Clear,0,0.48,0.52,30.96
354.9,628.3,Bus,Mercedes,Sprinter,2023,30,Diesel,17.6,3000,5,1112.3,Low,Rain,0,0.61,0.39,79.18
395.0,930.3,Van,Ford,Transit,2018,10,Diesel,10.8,1100,5,846.8,High,Rain,0,0.21,0.79,57.7
112.4,190.0,Car,Nissan,Sunny,2024,5,Diesel,6.9,500,3,303.9,High,Clear,0,0.16,0.84,10.53
327.0,406.3,Bus,Toyota,Coaster,2018,30,Diesel,18.3,3000,17,118.9,Low,Windy,1,0.42,0.58,70.63
231.2,219.9,Van,Hyundai,H1,2025,12,Petrol,8.7,1100,7,364.1,Low,Hot,0,0.79,0.21,24.66
126.9,197.3,Bus,Toyota,Coaster,2020,18,Petrol,15.4,1500,10,1128.3,Medium,,0,0.67,0.33,23.01
130.4,131.3,Car,Toyota,Corolla,2019,4,Petrol,6.0,400,4,217.9,Medium,Windy,0,0.71,0.29,10.76
436.0,451.3,Van,Toyota,Hiace,2017,10,Petrol,12.5,1100,4,805.6,Medium,Hot,1,0.33,0.67,77.98
427.4,492.9,Van,Toyota,Hiace,2016,12,Petrol,9.3,1100,10,426.3,Low,Hot,1,0.5,0.5,51.01
277.0,297.8,Car,Toyota,Corolla,2024,4,Petrol,6.0,400,3,253.1,High,,1,0.51,0.49,25.48
246.8,397.2,Bus,Toyota,Coaster,2021,40,Diesel,18.6,2000,19,515.1,Medium,Windy,0,0.66,0.34,52.91
188.3,329.9,Van,Ford,Transit,2025,14,Diesel,11.3,900,9,209.3,Medium,Clear,1,0.32,0.68,25.21
142.3,215.9,Van,Toyota,Hiace,2016,12,Petrol,10.4,700,3,384.5,High,Clear,1,0.21,0.79,21.06
243.3,236.5,Van,Hyundai,H1,2021,8,Petrol,11.1,1100,7,948.5,Low,Windy,0,0.87,0.13,32.27
131.0,322.0,Car,Toyota,Corolla,2018,4,Diesel,7.3,500,2,36.2,High,Clear,1,0.66,0.34,12.49
413.9,867.3,Bus,Isuzu,Bus,2025,40,Diesel,13.1,3000,26,249.3,High,Windy,1,0.46,0.54,78.02
435.3,536.9,Van,Ford,Transit,2019,14,Diesel,10.0,900,12,489.2,Low,Rain,0,0.94,0.06,58.16
255.6,297.7,Car,Toyota,Corolla,2023,5,Diesel,7.9,500,1,65.8,Low,Hot,1,0.6,0.4,22.96
143.6,223.1,Bus,Isuzu,Bus,2022,22,Diesel,13.4,2000,11,833.0,High,Rain,0,0.33,0.67,25.63
414.9,570.7,Car,Kia,Cerato,2017,5,Petrol,7.8,600,2,459.0,Low,Clear,0,0.27,0.73,39.11
9.1,47.9,Car,Nissan,Sunny,2022,4,Petrol,7.9,600,3,323.0,High,Windy,0,0.22,0.78,0.95
78.1,98.8,Bus,Toyota,Coaster,2018,40,Petrol,16.2,2000,21,511.2,Low,Rain,0,0.94,0.06,14.72
34.7,65.9,Van,Hyundai,H1,2018,8,Diesel,8.7,900,6,573.4,Low,Windy,1,0.8,0.2,4.18
129.6,218.7,Bus,Isuzu,Bus,2019,22,Diesel,13.5,1500,17,713.0,Medium,Windy,1,0.92,0.08,25.37
39.6,43.0,Car,Toyota,Corolla,2021,4,Diesel,6.4,500,4,224.2,Medium,Windy,1,0.53,0.47,3.15
398.1,408.6,Van,Hyundai,H1,2017,12,Diesel,11.9,900,11,753.6,High,Hot,1,0.58,0.42,74.9
329.2,589.5,Bus,Toyota,Coaster,2021,22,Petrol,13.2,2000,7,471.3,Low,Clear,0,0.48,0.52,46.81
290.5,436.0,Van,Hyundai,H1,2020,8,Diesel,10.9,700,5,206.4,Low,Clear,1,0.95,0.05,39.31
392.6,777.2,Car,Toyota,Corolla,2018,5,Petrol,6.1,600,1,52.5,High,Clear,1,0.18,0.82,32.02
234.8,224.3,Bus,Toyota,Coaster,2021,22,Diesel,19.3,3000,22,810.2,Low,Hot,0,0.72,0.28,49.36
126.8,200.1,Bus,Isuzu,Bus,2020,40,Petrol,14.2,3000,37,1006.6,Low,Rain,0,0.2,0.8,19.67
395.4,364.4,Car,Hyundai,Elantra,2017,4,Petrol,6.5,500,2,378.8,High,Hot,1,0.15,0.85,40.04
120.4,168.6,Van,Toyota,Hiace,2020,10,Diesel,9.6,700,6,413.5,Medium,Rain,0,0.13,0.87,15.64
157.3,156.4,Bus,Toyota,Coaster,2019,30,Petrol,17.5,3000,24,957.3,Low,Hot,1,0.29,0.71,32.39
297.9,285.7,Van,Toyota,Hiace,2022,14,Petrol,10.8,900,2,573.9,Low,Hot,1,0.5,0.5,39.69
269.1,310.3,Car,Nissan,Sunny,2023,4,Petrol,7.9,500,4,420.4,Medium,Windy,1,0.51,0.49,28.65
17.7,50.2,Car,Nissan,Sunny,2025,5,Petrol,7.9,600,5,579.8,High,Hot,0,0.21,0.79,1.91
94.2,185.3,Van,Hyundai,H1,2018,14,Diesel,9.2,700,3,180.6,Low,Rain,0,0.72,0.28,10.14
374.9,420.2,Car,Nissan,Sunny,2022,5,Diesel,7.7,500,1,206.0,Medium,Hot,1,0.76,0.24,42.14
169.3,277.7,Van,Hyundai,H1,2019,8,Diesel,9.4,1100,7,1007.8,High,Hot,0,0.52,0.48,21.53
20.5,33.6,Bus,Mercedes,Sprinter,2023,40,Petrol,14.1,2000,11,489.9,High,Clear,1,0.79,0.21,3.94
10.2,33.0,Car,Kia,Cerato,2023,4,Diesel,7.4,500,4,390.3,Medium,Rain,1,0.73,0.27,1.04
343.0,327.7,Van,Ford,Transit,2024,12,Diesel,8.9,700,1,249.2,High,Windy,0,0.54,0.46,41.64
117.3,187.5,Car,Toyota,Corolla,2021,5,Diesel,7.2,400,1,226.2,Low,Windy,1,0.45,0.55,10.29
42.4,110.1,Van,Ford,Transit,2018,8,Diesel,10.6,900,8,399.4,Medium,Windy,1,0.69,0.31,5.92
417.7,442.4,Car,Hyundai,Elantra,2021,4,Petrol,7.0,600,1,126.7,High,,0,0.81,0.19,39.19
215.4,234.1,Van,Ford,Transit,2025,10,Diesel,11.3,700,3,208.3,High,Clear,1,0.87,0.13,35.38
48.2,105.1,Van,Ford,Transit,2021,10,Diesel,9.6,900,4,76.1,Medium,Rain,1,0.64,0.36,6.14
385.2,505.3,Van,Hyundai,H1,2023,12,Petrol,9.9,900,3,612.2,Medium,Rain,0,0.66,0.34,52.17
18.2,29.7,Car,Hyundai,Elantra,2023,5,Petrol,6.8,500,3,291.1,Medium,Clear,1,0.57,0.43,1.6
259.0,479.3,Van,Ford,Transit,2017,8,Diesel,8.9,700,7,394.0,Medium,Hot,1,0.87,0.13,32.27
387.3,508.2,Bus,Isuzu,Bus,2019,30,Diesel,16.5,3000,27,1111.0,Low,Hot,1,0.35,0.65,79.45
89.0,213.6,Bus,Mercedes,Sprinter,2022,40,Diesel,17.1,2000,40,751.5,Low,Rain,0,0.38,0.62,17.31
169.2,167.1,Bus,Isuzu,Bus,2023,40,Petrol,16.9,1500,13,400.8,Medium,Clear,0,0.28,0.72,32.39
210.7,190.2,Car,Nissan,Sunny,2019,4,Diesel,8.0,500,1,347.4,Medium,Rain,1,0.16,0.84,23.34
366.2,376.0,Bus,Isuzu,Bus,2020,18,Diesel,16.1,3000,2,448.8,High,Rain,1,0.77,0.23,84.5
359.0,632.6,Bus,Mercedes,Sprinter,2019,30,Diesel,15.9,2000,21,838.6,Medium,Rain,0,0.74,0.26,75.15
133.4,243.3,Van,Ford,Transit,2024,12,Diesel,10.9,700,6,505.4,Medium,Hot,1,0.5,0.5,19.86
264.5,506.3,Car,Kia,Cerato,2019,5,Diesel,6.6,400,3,294.0,High,Rain,1,0.63,0.37,26.63
392.5,521.5,Van,Ford,Transit,2018,12,Diesel,10.0,900,7,32.5,Low,Windy,0,0.36,0.64,41.54
404.7,430.1,Car,Kia,Cerato,2024,5,Petrol,7.1,600,1,251.1,Low,Windy,0,0.33,0.67,34.54
106.6,121.1,Bus,Isuzu,Bus,2019,22,Petrol,14.7,3000,20,333.6,Medium,Clear,0,0.72,0.28,19.88
356.6,773.3,Car,Hyundai,Elantra,2021,5,Petrol,7.2,600,4,68.4,Low,Clear,0,0.61,0.39,26.67
125.5,154.2,Bus,Mercedes,Sprinter,2025,40,Diesel,19.9,2000,31,626.8,High,Windy,1,0.84,0.16,35.19
147.0,144.9,Bus,Toyota,Coaster,2016,18,Petrol,19.8,1500,6,231.0,Medium,Windy,0,0.89,0.11,37.25
309.7,288.7,Car,Kia,Cerato,2017,5,Petrol,6.8,600,2,207.8,Low,Rain,0,0.82,0.18,27.23
215.0,215.6,Bus,Isuzu,Bus,2020,40,Diesel,18.5,2000,10,381.4,High,,1,0.48,0.52,55.55
13.7,24.7,Car,Nissan,Sunny,2020,5,Petrol,7.6,400,3,132.0,Medium,,1,0.46,0.54,1.29
424.0,521.0,Van,Hyundai,H1,2023,8,Diesel,8.8,700,1,551.2,Medium,Rain,0,0.34,0.66,50.29
64.8,79.3,Van,Hyundai,H1,2023,12,Diesel,10.3,900,12,384.1,Low,Hot,1,0.59,0.41,8.44
431.0,651.1,Bus,Toyota,Coaster,2021,30,Petrol,17.8,1500,24,1063.8,Low,Windy,1,0.29,0.71,92.0
181.4,238.3,Bus,Isuzu,Bus,2022,18,Diesel,14.0,3000,17,91.1,High,Windy,0,0.58,0.42,35.7
352.4,457.1,Bus,Toyota,Coaster,2024,18,Diesel,18.1,3000,3,697.2,Medium,Hot,0,0.75,0.25,79.43
352.6,391.7,Van,Toyota,Hiace,2024,10,Diesel,11.1,900,1,373.3,Medium,,1,0.12,0.88,45.57
402.5,441.8,Bus,Toyota,Coaster,2021,40,Petrol,17.6,1500,13,932.1,Low,Windy,0,0.19,0.81,80.16
139.8,202.0,Car,Kia,Cerato,2019,5,Petrol,8.3,600,2,468.0,Low,Hot,1,0.2,0.8,15.76
367.5,765.1,Car,Nissan,Sunny,2025,5,Diesel,7.0,400,5,295.3,Low,Hot,0,0.2,0.8,29.82
231.4,211.0,Car,Hyundai,Elantra,2020,4,Petrol,8.0,500,4,405.6,Medium,Clear,1,0.41,0.59,23.53
25.2,33.4,Car,Toyota,Corolla,2021,5,Petrol,8.2,400,1,68.6,Low,Hot,1,0.75,0.25,2.38
421.6,393.2,Van,Ford,Transit,2018,14,Diesel,11.8,900,13,608.4,Medium,Clear,0,0.13,0.87,56.68
411.5,925.7,Van,Toyota,Hiace,2018,8,Petrol,9.8,900,3,159.2,Low,Windy,0,0.18,0.82,47.97
216.9,210.2,Bus,Toyota,Coaster,2020,22,Petrol,19.0,3000,11,794.5,Medium,Clear,1,0.52,0.48,54.58
399.7,817.2,Car,Hyundai,Elantra,2020,4,Diesel,7.9,600,2,443.4,Medium,Windy,1,0.67,0.33,43.97
286.2,312.2,Van,Hyundai,H1,2022,10,Diesel,10.8,700,1,117.2,Low,Hot,0,0.44,0.56,32.06
121.9,186.9,Bus,Isuzu,Bus,2025,40,Diesel,16.2,1500,33,1110.2,Medium,Hot,1,0.39,0.61,28.6
434.3,860.0,Bus,Toyota,Coaster,2016,18,Diesel,18.5,2000,15,999.5,Low,Windy,0,0.84,0.16,95.86
93.4,113.9,Car,Nissan,Sunny,2016,4,Petrol,6.4,600,2,346.5,High,Clear,1,0.56,0.44,9.04
128.9,142.2,Car,Hyundai,Elantra,2019,4,Diesel,7.4,600,3,246.1,High,Rain,1,0.5,0.5,13.86
431.9,952.0,Bus,Isuzu,Bus,2025,30,Diesel,14.5,3000,5,587.5,Low,Hot,1,0.77,0.23,79.82
425.2,817.5,Car,Hyundai,Elantra,2025,5,Diesel,6.4,500,3,385.1,Low,Clear,1,0.55,0.45,34.52
427.5,981.5,Car,Nissan,Sunny,2020,4,Diesel,6.2,600,3,85.4,Medium,Rain,0,0.84,0.16,35.96
192.6,241.8,Car,Toyota,Corolla,2022,5,Diesel,6.6,600,3,508.5,High,Windy,1,0.64,0.36,18.74
301.2,633.4,Car,Nissan,Sunny,2022,4,Petrol,7.5,400,4,233.1,High,Rain,1,0.14,0.86,31.55
159.6,184.7,Van,Ford,Transit,2016,14,Petrol,11.8,1100,10,952.5,Low,Rain,1,0.67,0.33,24.7
161.8,153.7,Van,Hyundai,H1,2021,8,Diesel,11.4,900,1,305.6,High,Windy,0,0.28,0.72,25.1
145.9,253.7,Van,Toyota,Hiace,2019,12,Diesel,9.9,1100,2,710.6,Medium,Rain,0,0.74,0.26,18.98
409.4,453.7,Car,Hyundai,Elantra,2020,5,Diesel,6.0,400,5,224.5,Medium,Clear,0,0.18,0.82,29.72
278.0,255.9,Bus,Toyota,Coaster,2020,40,Diesel,13.9,2000,15,542.2,Low,Hot,0,0.67,0.33,43.61
137.1,146.7,Car,Hyundai,Elantra,2016,5,Diesel,7.6,400,4,338.4,Medium,Hot,1,0.26,0.74,14.82
245.5,539.8,Bus,Toyota,Coaster,2021,30,Diesel,16.0,2000,11,1034.7,High,Hot,0,0.18,0.82,56.12
280.4,371.1,Car,Kia,Cerato,2023,4,Petrol,7.2,600,2,32.8,Medium,Clear,1,0.51,0.49,25.47
443.9,784.2,Bus,Toyota,Coaster,2018,18,Diesel,18.0,2000,18,842.7,Medium,Windy,0,0.58,0.42,107.42
266.4,273.8,Bus,Toyota,Coaster,2021,18,Petrol,19.8,1500,3,645.1,High,Hot,0,0.31,0.69,72.1
316.9,365.6,Van,Ford,Transit,2025,8,Diesel,9.8,700,7,493.6,Low,Windy,0,0.18,0.82,34.38
156.2,177.4,Car,Kia,Cerato,2017,5,Petrol,6.5,500,1,442.1,Low,Clear,1,0.18,0.82,11.43
226.7,306.5,Car,Kia,Cerato,2025,4,Petrol,8.4,400,1,351.4,Low,Windy,0,0.86,0.14,24.17
160.3,308.4,Bus,Mercedes,Sprinter,2017,18,Diesel,18.7,2000,4,607.2,High,Hot,1,0.9,0.1,49.69
88.8,137.3,Bus,Mercedes,Sprinter,2023,30,Diesel,14.7,1500,30,1179.2,Medium,Clear,0,0.66,0.34,15.74
184.9,281.6,Van,Hyundai,H1,2022,10,Diesel,10.3,700,8,90.9,High,Rain,1,0.36,0.64,29.94
246.5,298.2,Bus,Mercedes,Sprinter,2025,22,Diesel,19.6,2000,18,53.0,Medium,Rain,0,0.4,0.6,60.21
402.1,429.7,Bus,Toyota,Coaster,2018,18,Petrol,19.4,1500,7,604.4,High,Clear,0,0.88,0.12,101.67
24.9,58.8,Bus,Toyota,Coaster,2022,22,Diesel,19.9,1500,22,324.7,Medium,Windy,0,0.9,0.1,6.35
272.1,321.8,Van,Hyundai,H1,2020,12,Diesel,11.9,700,12,541.6,Low,Hot,0,0.64,0.36,37.22
121.4,137.8,Car,Kia,Cerato,2025,5,Diesel,6.7,500,2,476.1,High,Rain,0,0.21,0.79,12.74
199.0,309.9,Car,Nissan,Sunny,2019,4,Petrol,6.2,600,4,366.3,Low,,0,0.72,0.28,14.01
174.1,172.2,Car,Kia,Cerato,2022,5,Petrol,6.5,600,2,126.7,Low,Windy,1,0.12,0.88,12.89
235.5,571.0,Car,Hyundai,Elantra,2022,5,Petrol,6.1,600,3,234.8,Low,Clear,0,0.11,0.89,13.89
130.7,165.0,Car,Toyota,Corolla,2022,4,Diesel,6.0,500,2,347.8,High,Windy,1,0.93,0.07,12.3
433.6,623.9,Bus,Toyota,Coaster,2018,22,Petrol,14.0,3000,6,454.3,Low,Rain,1,0.22,0.78,75.42
202.5,300.1,Van,Toyota,Hiace,2023,14,Petrol,10.2,900,6,605.5,Low,Hot,0,0.28,0.72,22.83
67.9,157.6,Van,Hyundai,H1,2022,14,Petrol,10.0,900,5,816.1,High,Rain,0,0.27,0.73,9.62
126.6,148.8,Car,Nissan,Sunny,2018,4,Petrol,7.7,500,2,327.8,High,Hot,0,0.45,0.55,13.83
8.9,14.7,Bus,Isuzu,Bus,2016,18,Petrol,17.7,1500,3,389.7,Medium,Hot,0,0.91,0.09,2.03
362.0,701.7,Van,Hyundai,H1,2017,12,Diesel,11.3,900,3,385.4,High,Rain,0,0.58,0.42,61.7
215.4,302.4,Bus,Mercedes,Sprinter,2022,40,Diesel,13.7,1500,38,832.0,Medium,Rain,0,0.48,0.52,35.8
306.4,285.3,Van,Toyota,Hiace,2020,12,Petrol,8.8,700,11,154.0,High,Windy,1,0.7,0.3,41.83
233.5,230.1,Bus,Isuzu,Bus,2019,40,Diesel,19.9,2000,2,597.7,Low,Clear,0,0.7,0.3,50.05
9.8,24.1,Van,Ford,Transit,2025,8,Diesel,9.8,700,4,635.1,Medium,Rain,0,0.69,0.31,1.28
250.8,331.9,Van,Ford,Transit,2020,12,Petrol,9.0,900,8,828.5,Low,Windy,0,0.12,0.88,24.6
332.7,522.4,Car,Hyundai,Elantra,2016,4,Petrol,7.9,400,1,79.4,High,Rain,1,0.77,0.23,39.07
357.3,610.3,Bus,Mercedes,Sprinter,2022,22,Diesel,13.6,1500,3,476.5,High,Hot,1,0.79,0.21,74.81
83.3,156.0,Van,Ford,Transit,2017,8,Petrol,10.3,1100,4,776.0,High,Clear,0,0.26,0.74,11.15
116.7,183.8,Van,Ford,Transit,2022,14,Petrol,10.5,900,1,596.3,High,Windy,1,0.74,0.26,17.14
146.7,175.3,Van,Toyota,Hiace,2017,14,Diesel,8.5,1100,12,755.6,High,Clear,1,0.72,0.28,18.08
266.3,607.3,Van,Hyundai,H1,2019,14,Petrol,9.8,1100,8,970.4,Medium,Rain,1,0.84,0.16,39.53
167.7,251.3,Car,Hyundai,Elantra,2022,5,Diesel,7.0,600,2,107.6,Low,Hot,0,0.11,0.89,12.75
89.5,120.1,Van,Toyota,Hiace,2019,12,Diesel,11.8,1100,7,1043.1,Low,Rain,0,0.4,0.6,12.59
430.8,497.3,Car,Hyundai,Elantra,2016,5,Diesel,8.0,500,3,348.3,Medium,Clear,0,0.55,0.45,42.57
98.2,159.3,Bus,Toyota,Coaster,2019,18,Petrol,13.1,2000,11,768.0,Medium,Windy,1,0.59,0.41,16.81
214.0,514.0,Bus,Mercedes,Sprinter,2025,22,Diesel,18.7,1500,4,473.3,Low,Windy,0,0.55,0.45,45.02
104.4,263.1,Van,Ford,Transit,2019,10,Petrol,10.0,700,10,348.1,Low,Windy,1,0.51,0.49,12.64
238.0,310.7,Bus,Isuzu,Bus,2019,18,Petrol,15.1,1500,13,519.1,Low,Windy,1,0.27,0.73,41.76
269.3,281.0,Van,Hyundai,H1,2018,10,Petrol,10.3,900,5,421.2,Low,Rain,1,0.24,0.76,33.71
16.3,35.1,Van,Hyundai,H1,2024,10,Petrol,9.8,1100,3,372.7,Low,Windy,1,0.58,0.42,1.97
45.9,80.7,Car,Toyota,Corolla,2019,4,Diesel,6.4,600,1,259.3,Low,Rain,1,0.56,0.44,3.89
30.1,38.0,Car,Nissan,Sunny,2019,4,Petrol,6.3,500,2,249.8,Low,Hot,0,0.91,0.09,2.51
303.0,341.3,Bus,Isuzu,Bus,2016,40,Petrol,13.1,2000,3,256.1,Low,Hot,0,0.6,0.4,43.27
130.2,173.9,Car,Nissan,Sunny,2025,4,Diesel,6.4,400,2,337.2,High,Windy,1,0.27,0.73,12.96
363.1,399.7,Car,Nissan,Sunny,2022,5,Diesel,6.5,400,2,308.7,High,Windy,0,0.85,0.15,35.57
374.2,362.5,Car,Kia,Cerato,2019,4,Diesel,7.3,500,4,365.6,Medium,Rain,0,0.88,0.12,38.37
426.3,395.2,Car,Toyota,Corolla,2016,4,Diesel,8.1,600,4,442.7,Low,Clear,0,0.41,0.59,41.08
68.1,118.0,Van,Hyundai,H1,2020,8,Petrol,9.7,700,4,101.8,High,Clear,1,0.25,0.75,8.2
330.5,628.3,Bus,Toyota,Coaster,2017,30,Petrol,13.2,3000,22,465.4,Low,Rain,1,0.81,0.19,57.36
303.7,276.3,Car,Kia,Cerato,2016,5,Petrol,7.8,400,4,327.9,High,Clear,1,0.58,0.42,36.76
171.1,179.7,Van,Toyota,Hiace,2018,12,Diesel,10.3,900,9,148.2,High,Windy,1,0.25,0.75,24.3
117.7,254.5,Bus,Toyota,Coaster,2025,40,Petrol,15.5,2000,30,551.9,High,Hot,0,0.39,0.61,25.99
41.4,64.4,Bus,Mercedes,Sprinter,2022,22,Petrol,19.8,1500,17,661.9,High,Clear,0,0.32,0.68,10.51
237.8,241.1,Van,Hyundai,H1,2022,8,Petrol,9.8,900,6,679.8,High,Clear,0,0.64,0.36,31.24
139.8,264.7,Van,Toyota,Hiace,2022,8,Petrol,11.3,900,4,40.7,Low,Windy,0,0.28,0.72,17.86
177.5,325.5,Van,Hyundai,H1,2021,14,Diesel,8.5,1100,10,1013.1,High,Clear,1,0.93,0.07,22.74
427.4,489.3,Van,Ford,Transit,2021,8,Petrol,10.2,1100,7,61.8,Medium,Clear,1,0.31,0.69,48.82
142.9,169.3,Van,Hyundai,H1,2021,12,Petrol,9.5,900,4,560.1,Low,,0,0.6,0.4,15.71
295.9,672.6,Bus,Mercedes,Sprinter,2024,40,Diesel,14.9,3000,34,599.5,Medium,Windy,0,0.13,0.87,51.99
348.7,785.2,Car,Nissan,Sunny,2018,5,Petrol,6.6,500,3,435.5,High,Rain,0,0.71,0.29,37.37
14.1,39.7,Bus,Isuzu,Bus,2022,18,Petrol,16.1,2000,18,145.5,Medium,Clear,1,0.47,0.53,2.86
15.7,42.3,Van,Hyundai,H1,2017,14,Petrol,10.5,700,4,323.3,High,Windy,1,0.51,0.49,2.64
10.0,46.4,Car,Hyundai,Elantra,2022,4,Petrol,6.4,400,1,219.3,Medium,Clear,1,0.85,0.15,0.8
251.1,309.6,Bus,Toyota,Coaster,2022,40,Petrol,16.4,1500,5,192.4,Low,Hot,0,0.51,0.49,50.11
339.8,770.1,Van,Ford,Transit,2016,12,Petrol,12.3,900,7,44.3,High,Windy,1,0.48,0.52,63.35
271.5,453.7,Bus,Isuzu,Bus,2019,40,Petrol,17.5,3000,28,727.8,Medium,Clear,0,0.7,0.3,59.67
414.1,408.1,Van,Ford,Transit,2021,12,Diesel,9.7,1100,8,437.0,High,Hot,1,0.39,0.61,59.85
106.4,108.8,Car,Kia,Cerato,2024,5,Diesel,8.3,500,2,291.7,Medium,Windy,0,0.8,0.2,11.37
89.5,118.9,Bus,Isuzu,Bus,2020,22,Petrol,18.4,1500,18,398.9,Medium,Hot,0,0.72,0.28,22.17
420.0,565.5,Car,Nissan,Sunny,2020,5,Petrol,6.6,500,3,310.9,Medium,Clear,1,0.79,0.21,39.87
27.7,67.1,Van,Ford,Transit,2020,12,Diesel,10.5,900,10,115.1,Medium,,1,0.2,0.8,3.65
417.0,457.7,Car,Kia,Cerato,2017,4,Diesel,7.4,500,1,24.7,Medium,Windy,1,0.47,0.53,38.53
246.1,581.7,Car,Toyota,Corolla,2019,5,Petrol,7.9,400,5,301.4,Medium,Rain,0,0.18,0.82,27.11
198.7,213.3,Car,Hyundai,Elantra,2020,5,Diesel,6.3,400,4,101.1,Low,Clear,1,0.71,0.29,14.69
157.3,381.6,Bus,Toyota,Coaster,2024,22,Diesel,19.2,2000,13,1009.1,High,Hot,1,0.22,0.78,40.46
404.8,604.2,Car,Kia,Cerato,2020,5,Diesel,7.0,400,1,280.9,High,Hot,0,0.48,0.52,41.99
118.4,215.5,Car,Nissan,Sunny,2022,5,Diesel,7.8,500,3,249.7,Low,Hot,0,0.82,0.18,11.97
40.3,52.4,Bus,Mercedes,Sprinter,2020,18,Petrol,17.3,3000,10,187.1,Medium,Windy,0,0.29,0.71,7.93
12.6,31.1,Car,Hyundai,Elantra,2019,5,Diesel,7.4,500,1,52.3,Low,,0,0.55,0.45,1.1
366.9,490.4,Car,Hyundai,Elantra,2024,4,Diesel,6.8,400,4,71.3,Low,Rain,0,0.82,0.18,28.98
289.9,301.7,Car,Nissan,Sunny,2018,4,Diesel,7.8,600,4,98.8,Medium,Rain,1,0.68,0.32,31.42
228.9,314.3,Bus,Toyota,Coaster,2018,40,Diesel,18.3,3000,14,106.6,Medium,Windy,0,0.61,0.39,50.58
390.0,410.0,Van,Toyota,Hiace,2023,8,Diesel,9.4,1100,5,448.1,Low,Clear,0,0.87,0.13,39.83
404.2,376.9,Car,Nissan,Sunny,2018,4,Diesel,7.0,400,1,153.2,Medium,Rain,0,0.61,0.39,37.04
446.5,871.4,Van,Hyundai,H1,2016,10,Diesel,9.7,1100,5,84.7,High,Hot,1,0.12,0.88,60.53
21.1,44.3,Van,Toyota,Hiace,2024,8,Diesel,12.0,900,2,898.8,Low,Rain,1,0.66,0.34,3.46
10.4,35.6,Bus,Toyota,Coaster,2020,30,Petrol,15.8,1500,7,512.8,Low,Rain,1,0.94,0.06,2.1
55.8,86.0,Bus,Toyota,Coaster,2023,18,Diesel,14.5,1500,11,747.8,Medium,Rain,1,0.59,0.41,11.52
126.1,124.9,Car,Kia,Cerato,2023,4,Petrol,6.6,400,4,39.5,High,Windy,1,0.19,0.81,10.61
335.4,472.0,Van,Toyota,Hiace,2022,8,Petrol,11.3,1100,2,281.9,High,Rain,0,0.76,0.24,57.99
109.9,119.4,Van,Hyundai,H1,2020,8,Petrol,9.8,900,7,537.8,Medium,Rain,0,0.34,0.66,14.38
71.8,124.7,Bus,Toyota,Coaster,2016,18,Diesel,13.7,1500,5,1190.4,Low,Rain,0,0.13,0.87,11.89
22.3,55.8,Bus,Isuzu,Bus,2017,18,Diesel,13.3,2000,1,989.3,Low,Hot,1,0.8,0.2,3.93
291.3,316.8,Car,Kia,Cerato,2018,4,Diesel,6.2,600,2,419.6,Low,Rain,1,0.67,0.33,25.63
98.7,152.0,Van,Ford,Transit,2021,14,Petrol,10.2,700,1,74.0,High,Clear,0,0.19,0.81,12.13
418.8,478.1,Bus,Toyota,Coaster,2017,22,Diesel,18.0,2000,19,377.0,High,Hot,1,0.66,0.34,110.63
353.8,348.9,Car,Kia,Cerato,2022,5,Petrol,6.5,500,3,377.7,High,Rain,1,0.91,0.09,38.99
398.5,688.0,Van,Toyota,Hiace,2016,14,Diesel,12.0,900,5,818.4,High,Hot,1,0.13,0.87,67.78
70.8,102.8,Van,Toyota,Hiace,2019,8,Petrol,10.4,1100,5,593.3,High,Hot,1,0.75,0.25,11.76
267.2,240.9,Van,Ford,Transit,2022,14,Diesel,8.7,900,14,792.8,Medium,Hot,1,0.81,0.19,32.01
103.7,111.4,Car,Kia,Cerato,2016,5,Diesel,6.7,600,1,269.4,Low,Windy,1,0.11,0.89,9.0
385.6,361.8,Van,Ford,Transit,2017,10,Petrol,10.6,1100,6,211.4,High,Hot,0,0.68,0.32,53.57
77.0,127.8,Car,Kia,Cerato,2022,4,Petrol,7.6,600,3,76.6,Medium,Windy,0,0.16,0.84,6.39
227.7,236.7,Car,Kia,Cerato,2017,4,Petrol,6.3,500,1,251.0,High,Windy,0,0.4,0.6,18.55
77.2,132.7,Van,Ford,Transit,2017,8,Diesel,12.1,1100,4,537.0,High,Windy,0,0.39,0.61,12.66
439.4,476.5,Car,Hyundai,Elantra,2017,4,Petrol,7.6,500,4,287.6,Medium,Rain,1,0.65,0.35,46.96
189.9,211.0,Bus,Toyota,Coaster,2021,18,Diesel,19.9,2000,15,120.6,Low,Clear,0,0.5,0.5,40.26
387.1,858.0,Van,Toyota,Hiace,2016,12,Petrol,10.6,900,3,632.4,Medium,Hot,1,0.39,0.61,57.31
87.2,187.7,Van,Hyundai,H1,2021,12,Diesel,10.1,700,9,430.0,Low,Windy,0,0.18,0.82,9.52
340.9,316.5,Bus,Mercedes,Sprinter,2024,18,Petrol,14.6,2000,18,1123.5,High,Windy,1,0.19,0.81,69.25
427.3,505.8,Bus,Toyota,Coaster,2017,30,Petrol,18.2,1500,16,70.2,Medium,Rain,0,0.32,0.68,100.29
329.3,667.0,Bus,Isuzu,Bus,2019,18,Petrol,17.4,1500,17,301.5,Medium,,1,0.59,0.41,75.35
65.6,72.5,Van,Toyota,Hiace,2021,14,Petrol,9.3,1100,10,330.7,Low,Clear,1,0.32,0.68,7.06
435.4,744.5,Car,Kia,Cerato,2017,4,Petrol,7.4,600,2,598.9,High,Clear,0,0.68,0.32,43.38
156.9,217.3,Car,Hyundai,Elantra,2017,4,Diesel,8.1,400,1,350.1,Medium,Rain,1,0.66,0.34,19.89
223.0,213.5,Car,Nissan,Sunny,2019,5,Diesel,6.5,600,3,21.8,Medium,Hot,0,0.76,0.24,19.18
215.6,224.7,Car,Kia,Cerato,2016,4,Diesel,6.7,400,4,152.2,High,Hot,1,0.27,0.73,22.68
176.1,171.1,Van,Toyota,Hiace,2023,14,Diesel,12.1,700,11,655.1,Low,,1,0.54,0.46,28.16
117.2,224.3,Bus,Toyota,Coaster,2020,18,Petrol,13.4,1500,18,1029.9,High,Hot,1,0.93,0.07,22.78
331.0,361.4,Van,Ford,Transit,2017,12,Diesel,8.5,700,12,567.1,High,Hot,1,0.67,0.33,48.13
342.7,437.3,Car,Hyundai,Elantra,2023,5,Diesel,6.1,500,4,479.6,Low,Clear,0,0.58,0.42,22.83
103.2,193.0,Van,Ford,Transit,2018,8,Diesel,8.9,1100,1,297.0,High,Rain,0,0.94,0.06,14.03
24.7,45.0,Car,Toyota,Corolla,2019,4,Petrol,8.0,600,1,557.2,Medium,Hot,1,0.85,0.15,2.73
17.0,55.4,Van,Ford,Transit,2018,12,Petrol,12.2,900,1,607.2,Low,Hot,0,0.3,0.7,2.3
64.9,156.3,Car,Kia,Cerato,2025,5,Petrol,6.2,500,2,196.0,Medium,Rain,0,0.68,0.32,5.59
345.2,608.7,Van,Toyota,Hiace,2017,10,Diesel,11.2,900,2,402.5,High,,1,0.71,0.29,61.79
377.3,515.6,Bus,Isuzu,Bus,2025,22,Diesel,19.7,2000,20,272.7,High,Clear,0,0.44,0.56,90.97
254.2,378.0,Bus,Mercedes,Sprinter,2017,18,Petrol,14.6,3000,5,82.3,Low,Hot,0,0.3,0.7,38.92
373.5,847.9,Van,Ford,Transit,2018,8,Petrol,9.5,900,4,142.9,Low,Clear,0,0.63,0.37,36.55
389.0,412.7,Car,Kia,Cerato,2016,5,Petrol,6.1,400,2,307.9,High,Clear,0,0.68,0.32,33.39
304.1,317.9,Van,Toyota,Hiace,2022,8,Diesel,11.4,900,5,682.2,Medium,Hot,0,0.56,0.44,42.55
213.6,284.7,Car,Hyundai,Elantra,2022,5,Petrol,7.3,400,1,247.7,Low,Windy,0,0.42,0.58,18.34
71.4,126.1,Bus,Mercedes,Sprinter,2022,40,Diesel,15.6,1500,21,456.1,Low,Windy,1,0.8,0.2,14.42
385.9,482.4,Bus,Toyota,Coaster,2025,18,Petrol,15.8,1500,1,931.4,High,Hot,0,0.15,0.85,79.16
248.6,349.1,Bus,Mercedes,Sprinter,2018,18,Petrol,14.8,3000,8,628.5,Medium,Hot,0,0.44,0.56,44.08
186.4,359.1,Bus,Toyota,Coaster,2020,22,Diesel,16.7,3000,14,912.6,Low,Windy,1,0.28,0.72,35.86
88.0,110.3,Van,Ford,Transit,2016,14,Petrol,9.1,900,6,319.1,High,Hot,1,0.26,0.74,12.53
229.8,232.2,Van,Hyundai,H1,2024,12,Diesel,12.0,1100,12,137.7,Low,Hot,1,0.38,0.62,35.36
446.9,713.7,Bus,Isuzu,Bus,2016,30,Petrol,13.3,3000,7,266.5,Medium,Hot,1,0.6,0.4,85.94
326.0,342.3,Car,Toyota,Corolla,2023,4,Diesel,7.8,500,2,135.7,Low,Hot,1,0.28,0.72,29.99
342.5,531.9,Car,Toyota,Corolla,2023,4,Petrol,8.3,600,4,577.2,Medium,Clear,0,0.87,0.13,34.88
416.3,708.3,Car,Kia,Cerato,2024,5,Diesel,6.3,400,4,262.0,Medium,Windy,1,0.8,0.2,36.83
38.9,70.0,Car,Nissan,Sunny,2016,5,Diesel,7.5,500,5,326.9,High,Windy,0,0.56,0.44,4.01
274.9,352.2,Bus,Mercedes,Sprinter,2019,40,Diesel,14.4,3000,29,344.5,Medium,Rain,0,0.18,0.82,52.61
421.3,599.9,Bus,Mercedes,Sprinter,2023,30,Petrol,17.4,2000,24,74.7,High,Clear,0,0.73,0.27,92.07
176.9,197.0,Bus,Mercedes,Sprinter,2016,30,Diesel,15.7,3000,24,271.2,Low,Hot,1,0.86,0.14,35.07
291.6,567.2,Bus,Mercedes,Sprinter,2024,40,Petrol,17.4,2000,34,1001.0,Medium,Clear,0,0.31,0.69,63.09
65.7,156.4,Van,Hyundai,H1,2024,10,Petrol,10.4,1100,6,683.7,Low,Clear,0,0.67,0.33,7.68
421.1,458.4,Van,Ford,Transit,2018,8,Diesel,11.7,900,5,533.0,Low,Rain,1,0.75,0.25,68.4
243.2,366.4,Bus,Isuzu,Bus,2018,40,Diesel,13.6,3000,37,312.9,Medium,,1,0.12,0.88,40.02
350.4,493.2,Car,Toyota,Corolla,2018,4,Diesel,8.1,400,1,175.0,High,Clear,1,0.23,0.77,40.06
275.0,437.6,Van,Toyota,Hiace,2024,10,Petrol,9.7,1100,6,722.2,High,Hot,0,0.81,0.19,41.39
267.8,412.5,Car,Hyundai,Elantra,2022,5,Petrol,6.9,600,4,403.3,Low,Rain,1,0.39,0.61,24.62
441.3,461.8,Car,Hyundai,Elantra,2021,4,Diesel,8.0,500,2,393.1,Medium,Hot,0,0.6,0.4,48.23
272.2,262.8,Car,Nissan,Sunny,2022,4,Diesel,6.0,600,1,87.7,Medium,Hot,0,0.17,0.83,18.35
285.3,628.5,Car,Nissan,Sunny,2020,4,Petrol,7.5,500,1,237.5,Low,Hot,1,0.65,0.35,27.85
130.3,264.9,Van,Hyundai,H1,2025,8,Diesel,12.1,900,8,799.2,High,Rain,1,0.67,0.33,25.83
316.2,388.5,Bus,Isuzu,Bus,2025,40,Diesel,19.5,1500,17,46.8,High,Windy,0,0.92,0.08,78.89
247.4,525.0,Van,Ford,Transit,2023,10,Diesel,9.3,900,3,616.7,Low,Hot,0,0.42,0.58,25.93
59.0,108.5,Van,Toyota,Hiace,2022,14,Diesel,10.5,1100,11,608.8,Medium,Windy,0,0.72,0.28,7.45
206.0,247.7,Bus,Mercedes,Sprinter,2019,18,Petrol,16.0,2000,13,575.1,Low,Hot,1,0.73,0.27,41.92
50.5,107.9,Car,Toyota,Corolla,2018,5,Diesel,8.2,600,4,119.5,High,Windy,1,0.77,0.23,6.3
186.7,297.8,Bus,Mercedes,Sprinter,2021,18,Petrol,18.9,1500,15,1152.5,Low,Rain,1,0.44,0.56,49.88
167.5,418.9,Van,Hyundai,H1,2016,10,Petrol,12.1,1100,2,731.6,Low,Hot,0,0.63,0.37,24.63
310.6,439.9,Bus,Toyota,Coaster,2017,18,Diesel,18.4,3000,3,636.9,Low,Clear,0,0.38,0.62,61.5
133.5,166.9,Bus,Isuzu,Bus,2024,30,Petrol,14.6,3000,6,169.7,Low,Windy,0,0.91,0.09,22.92
137.7,184.3,Bus,Isuzu,Bus,2018,30,Diesel,16.6,2000,20,624.4,High,,0,0.34,0.66,29.22
183.7,268.8,Bus,Toyota,Coaster,2024,18,Petrol,15.5,1500,6,50.9,High,Rain,1,0.42,0.58,38.55
412.3,540.9,Van,Ford,Transit,2025,14,Diesel,10.0,700,3,589.2,Low,Windy,0,0.52,0.48,50.86
300.3,305.2,Bus,Mercedes,Sprinter,2016,22,Petrol,15.6,3000,13,469.5,High,Windy,1,0.58,0.42,63.58
210.0,303.4,Bus,Toyota,Coaster,2022,30,Diesel,14.9,1500,27,982.0,Medium,Hot,0,0.64,0.36,38.22
309.6,290.2,Bus,Isuzu,Bus,2017,18,Petrol,15.4,1500,11,872.5,Medium,Hot,1,0.43,0.57,71.51
104.5,107.7,Bus,Mercedes,Sprinter,2017,30,Diesel,16.7,3000,18,858.5,Medium,Windy,0,0.91,0.09,22.66
8.4,33.6,Car,Kia,Cerato,2019,5,Petrol,7.9,500,5,415.7,Low,Clear,1,0.61,0.39,0.78
141.9,231.1,Car,Kia,Cerato,2022,4,Petrol,6.2,500,3,417.2,Low,Clear,0,0.72,0.28,10.0
432.1,727.6,Car,Hyundai,Elantra,2016,5,Petrol,7.1,500,1,156.1,Low,Clear,1,0.25,0.75,35.41
62.8,78.0,Bus,Mercedes,Sprinter,2021,22,Diesel,18.3,1500,12,494.6,Low,Windy,1,0.45,0.55,14.81
232.0,228.4,Van,Hyundai,H1,2021,12,Diesel,12.0,700,5,388.1,Medium,Rain,1,0.78,0.22,39.09
65.6,89.2,Bus,Mercedes,Sprinter,2016,18,Petrol,18.7,2000,2,204.0,Medium,Windy,0,0.6,0.4,16.27
218.8,291.6,Car,Kia,Cerato,2021,5,Diesel,6.2,400,4,231.1,Low,Clear,1,0.36,0.64,16.8
291.2,555.7,Car,Nissan,Sunny,2020,4,Petrol,7.1,600,3,510.7,High,Hot,1,0.34,0.66,33.55
274.9,276.7,Bus,Mercedes,Sprinter,2019,22,Petrol,14.3,1500,21,379.7,Low,Clear,1,0.73,0.27,49.92
235.8,505.6,Car,Nissan,Sunny,2022,5,Diesel,6.1,400,2,361.9,Medium,Rain,1,0.32,0.68,22.13
175.2,203.6,Bus,Mercedes,Sprinter,2023,30,Petrol,14.0,1500,4,483.1,High,Hot,1,0.92,0.08,37.86
430.7,400.7,Car,Nissan,Sunny,2018,4,Diesel,8.3,600,2,110.0,High,Hot,1,0.85,0.15,58.07
149.7,246.2,Car,Kia,Cerato,2018,4,Diesel,7.4,400,2,141.7,Medium,Windy,1,0.2,0.8,14.92
121.2,224.9,Car,Nissan,Sunny,2021,5,Diesel,6.6,400,4,252.3,High,Clear,0,0.86,0.14,11.08
213.5,280.4,Van,Toyota,Hiace,2025,10,Petrol,8.7,700,2,165.7,High,Windy,0,0.59,0.41,24.94
88.9,205.9,Car,Hyundai,Elantra,2024,5,Diesel,7.0,600,5,303.6,High,Rain,1,0.4,0.6,9.01
128.8,228.3,Car,Nissan,Sunny,2016,4,Petrol,8.0,400,1,329.6,High,Windy,0,0.49,0.51,14.57
300.5,628.3,Car,Hyundai,Elantra,2021,4,Petrol,7.9,600,3,399.2,High,Hot,0,0.62,0.38,32.0
26.5,58.8,Car,Nissan,Sunny,2022,4,Petrol,7.5,400,2,79.8,High,Rain,1,0.5,0.5,3.03
58.8,77.5,Car,Toyota,Corolla,2016,5,Petrol,7.0,400,3,271.5,High,Rain,0,0.27,0.73,6.21
207.6,218.5,Van,Hyundai,H1,2018,12,Diesel,9.3,700,9,90.5,Medium,Hot,0,0.18,0.82,21.56
12.6,22.0,Car,Kia,Cerato,2018,4,Petrol,6.4,500,3,497.4,Medium,Rain,0,0.79,0.21,1.21
371.5,382.6,Bus,Isuzu,Bus,2023,30,Diesel,13.9,3000,15,160.0,Medium,Hot,1,0.89,0.11,69.8
445.6,415.5,Car,Kia,Cerato,2018,4,Petrol,8.2,400,3,253.4,Medium,Hot,1,0.34,0.66,47.7
241.3,222.1,Van,Ford,Transit,2020,8,Petrol,10.1,700,6,197.5,Low,Clear,0,0.7,0.3,28.61
169.0,168.3,Bus,Toyota,Coaster,2023,40,Petrol,19.7,3000,5,457.6,High,Windy,1,0.34,0.66,48.42
347.3,360.2,Van,Hyundai,H1,2016,14,Petrol,8.5,700,1,160.9,High,Rain,0,0.19,0.81,40.87
52.8,88.0,Car,Toyota,Corolla,2023,4,Diesel,8.0,600,1,585.0,High,Clear,1,0.17,0.83,5.96
436.6,403.0,Van,Ford,Transit,2021,10,Petrol,9.8,700,4,564.7,Low,Clear,0,0.12,0.88,47.28
18.2,41.0,Van,Hyundai,H1,2023,14,Diesel,11.3,1100,4,1099.7,Low,Rain,0,0.8,0.2,2.87
374.7,415.0,Van,Toyota,Hiace,2019,8,Diesel,9.9,700,1,59.2,Medium,Rain,1,0.46,0.54,49.0
411.7,949.6,Car,Toyota,Corolla,2017,5,Petrol,7.5,600,3,359.6,High,Clear,1,0.59,0.41,43.82
370.7,347.8,Van,Ford,Transit,2025,8,Petrol,11.7,900,8,582.2,High,Clear,0,0.49,0.51,56.6
101.2,166.4,Bus,Isuzu,Bus,2018,30,Petrol,13.7,2000,16,693.8,Low,Hot,0,0.75,0.25,16.57
364.1,805.4,Bus,Isuzu,Bus,2023,30,Diesel,17.1,1500,9,214.9,Medium,Hot,0,0.28,0.72,68.98
285.7,324.8,Car,Toyota,Corolla,2016,5,Diesel,6.1,400,5,378.6,Low,Hot,1,0.68,0.32,25.0
436.9,420.0,Van,Toyota,Hiace,2017,12,Petrol,12.2,1100,5,597.9,Low,Clear,1,0.9,0.1,71.79
245.3,348.7,Van,Hyundai,H1,2020,8,Diesel,10.7,700,2,583.6,Low,Hot,1,0.58,0.42,33.29
272.0,398.0,Car,Hyundai,Elantra,2018,5,Petrol,7.7,600,2,288.7,Medium,Rain,0,0.33,0.67,27.98
290.8,541.4,Bus,Toyota,Coaster,2024,18,Diesel,15.5,1500,18,678.7,Medium,Rain,1,0.19,0.81,65.24
115.7,208.3,Bus,Toyota,Coaster,2024,30,Diesel,18.8,2000,1,333.5,High,Windy,0,0.16,0.84,25.42
248.3,624.7,Van,Ford,Transit,2024,10,Diesel,11.8,900,4,254.0,Medium,Hot,0,0.85,0.15,35.25
138.5,265.6,Van,Ford,Transit,2017,8,Petrol,10.2,1100,4,406.4,High,Hot,0,0.71,0.29,18.98
232.4,348.6,Van,Toyota,Hiace,2024,10,Petrol,8.7,900,1,820.8,Medium,Windy,1,0.52,0.48,26.83
381.1,519.0,Car,Kia,Cerato,2022,5,Petrol,6.1,600,1,468.0,Low,Windy,0,0.56,0.44,29.53
382.3,782.8,Car,Toyota,Corolla,2024,5,Petrol,6.2,500,3,318.8,Medium,Rain,1,0.56,0.44,34.48
144.0,139.8,Bus,Isuzu,Bus,2025,40,Petrol,15.2,3000,22,714.3,Medium,Clear,0,0.21,0.79,23.27
36.3,98.4,Van,Toyota,Hiace,2017,14,Petrol,12.1,700,1,174.4,High,Rain,0,0.46,0.54,6.05
269.4,310.2,Van,Hyundai,H1,2016,8,Diesel,10.0,700,3,223.1,High,Windy,0,0.14,0.86,38.4
121.6,309.3,Bus,Toyota,Coaster,2022,40,Diesel,16.5,1500,20,391.4,Medium,Rain,1,0.39,0.61,28.9
360.5,360.4,Car,Hyundai,Elantra,2020,4,Diesel,7.1,400,2,312.8,Medium,Windy,0,0.19,0.81,32.51
72.7,155.6,Bus,Isuzu,Bus,2018,40,Petrol,14.1,1500,29,525.3,Medium,Rain,1,0.44,0.56,15.03
359.6,431.1,Car,Kia,Cerato,2024,4,Diesel,6.2,600,1,461.1,High,Clear,0,0.5,0.5,29.82
419.2,413.0,Car,Hyundai,Elantra,2023,4,Diesel,6.4,600,3,278.7,High,Rain,1,0.82,0.18,43.13
196.4,232.4,Car,Hyundai,Elantra,2019,5,Petrol,6.6,500,5,43.1,High,Windy,0,0.41,0.59,16.33
26.0,43.9,Bus,Isuzu,Bus,2020,22,Petrol,16.5,2000,10,790.3,Medium,Rain,1,0.73,0.27,6.49
308.6,375.2,Bus,Toyota,Coaster,2023,30,Petrol,18.4,3000,3,551.9,Medium,,0,0.66,0.34,72.21
322.8,362.0,Bus,Isuzu,Bus,2021,40,Petrol,17.8,1500,5,736.0,Medium,Hot,0,0.32,0.68,73.66
397.1,959.6,Van,Ford,Transit,2019,10,Petrol,9.6,700,2,370.0,High,Rain,1,0.5,0.5,57.44
195.2,198.7,Van,Hyundai,H1,2020,12,Petrol,12.2,900,9,793.5,High,Clear,1,0.61,0.39,33.41
243.8,232.3,Bus,Isuzu,Bus,2018,30,Petrol,14.7,3000,9,1051.5,High,Rain,1,0.94,0.06,57.97
51.6,71.3,Car,Kia,Cerato,2023,5,Petrol,7.2,600,3,238.6,Low,Clear,1,0.7,0.3,4.19
72.2,165.2,Car,Nissan,Sunny,2017,4,Petrol,7.3,400,4,31.4,Low,Hot,0,0.54,0.46,6.14
107.4,104.5,Car,Hyundai,Elantra,2018,4,Diesel,6.1,400,4,195.3,Medium,Clear,0,0.87,0.13,8.27
32.5,61.3,Bus,Mercedes,Sprinter,2020,30,Diesel,14.3,2000,10,1115.7,High,Hot,0,0.6,0.4,6.83
20.5,60.6,Car,Hyundai,Elantra,2017,5,Diesel,6.8,600,1,285.1,Medium,Hot,0,0.41,0.59,1.89
197.6,196.1,Van,Toyota,Hiace,2022,12,Petrol,8.6,1100,5,119.4,Low,Rain,1,0.35,0.65,19.54
348.7,471.7,Car,Nissan,Sunny,2020,5,Petrol,6.3,600,1,233.0,High,Hot,1,0.46,0.54,30.67
109.2,166.1,Bus,Toyota,Coaster,2024,22,Diesel,15.7,2000,21,687.6,Medium,Rain,0,0.41,0.59,21.48
14.9,46.7,Bus,Toyota,Coaster,2018,40,Petrol,13.2,3000,23,556.4,High,Hot,1,0.11,0.89,2.99
210.0,299.2,Car,Toyota,Corolla,2017,5,Petrol,6.9,600,2,303.2,Medium,Hot,0,0.18,0.82,18.81
273.4,370.7,Bus,Toyota,Coaster,2018,22,Diesel,16.1,1500,3,550.1,High,Windy,1,0.33,0.67,59.65
68.0,78.9,Car,Kia,Cerato,2025,5,Diesel,7.9,400,1,289.9,Low,Clear,0,0.64,0.36,5.86
77.5,105.8,Car,Hyundai,Elantra,2024,4,Diesel,6.7,500,3,22.4,Low,Rain,0,0.24,0.76,5.65
424.6,496.8,Car,Nissan,Sunny,2021,5,Petrol,6.0,400,1,54.8,High,Windy,0,0.62,0.38,35.51
106.2,128.0,Van,Toyota,Hiace,2021,14,Diesel,8.8,700,1,578.2,Low,Hot,0,0.13,0.87,10.12
260.4,422.9,Car,Nissan,Sunny,2024,5,Petrol,8.3,600,3,151.7,High,Hot,1,0.45,0.55,31.27
431.9,444.9,Car,Kia,Cerato,2017,5,Petrol,8.4,400,2,391.4,Low,Windy,0,0.28,0.72,45.85
402.1,724.3,Car,Kia,Cerato,2023,5,Petrol,6.6,400,3,186.4,High,Hot,1,0.84,0.16,38.05
445.4,409.9,Van,Toyota,Hiace,2019,14,Diesel,10.3,1100,9,563.7,High,Windy,0,0.37,0.63,59.64
180.1,252.4,Car,Kia,Cerato,2016,5,Petrol,6.1,500,1,194.8,Medium,Hot,0,0.58,0.42,14.9
301.4,375.0,Van,Toyota,Hiace,2016,8,Petrol,10.5,1100,2,1047.1,Low,Rain,1,0.18,0.82,46.55
287.1,418.6,Van,Ford,Transit,2018,14,Petrol,8.7,1100,4,360.3,Medium,Clear,0,0.95,0.05,33.2
40.1,90.6,Van,Toyota,Hiace,2016,8,Petrol,9.1,900,3,817.7,Medium,Windy,1,0.64,0.36,5.39
27.0,63.2,Car,Nissan,Sunny,2024,4,Petrol,8.1,500,3,329.1,Low,Clear,0,0.11,0.89,2.32
395.8,554.0,Bus,Isuzu,Bus,2016,18,Diesel,13.0,2000,10,96.0,High,Windy,0,0.91,0.09,77.64
156.5,361.7,Bus,Toyota,Coaster,2025,30,Petrol,18.3,1500,2,90.0,Medium,Clear,0,0.44,0.56,32.11
123.8,156.5,Van,Hyundai,H1,2024,8,Diesel,11.6,700,4,470.3,High,Windy,1,0.59,0.41,22.89
8.6,29.7,Van,Hyundai,H1,2021,14,Petrol,10.0,700,1,69.6,Low,Rain,1,0.32,0.68,1.12
102.4,189.0,Van,Toyota,Hiace,2018,8,Petrol,11.0,1100,2,95.3,High,Clear,0,0.65,0.35,15.54
399.4,806.8,Bus,Isuzu,Bus,2018,40,Diesel,16.6,1500,29,279.5,Low,Clear,1,0.86,0.14,78.23
269.1,327.8,Bus,Toyota,Coaster,2018,30,Petrol,19.0,1500,6,486.4,Low,Hot,1,0.67,0.33,69.42
314.2,642.3,Van,Hyundai,H1,2016,10,Petrol,8.8,900,2,99.9,Medium,Hot,0,0.71,0.29,35.94
259.9,336.9,Car,Hyundai,Elantra,2024,4,Diesel,6.9,600,3,348.0,Medium,Clear,0,0.53,0.47,20.58
79.5,99.6,Bus,Isuzu,Bus,2023,30,Petrol,17.0,2000,17,72.5,Low,Windy,0,0.51,0.49,15.46
390.5,459.2,Car,Nissan,Sunny,2020,4,Diesel,8.0,500,2,100.7,Medium,Hot,0,0.15,0.85,37.63
444.4,512.8,Car,Hyundai,Elantra,2023,4,Petrol,6.6,500,1,51.7,Medium,Hot,0,0.67,0.33,37.56
226.6,223.1,Car,Kia,Cerato,2023,4,Petrol,6.5,400,1,112.6,High,Hot,0,0.86,0.14,21.42
107.7,120.2,Van,Hyundai,H1,2025,10,Petrol,8.5,700,6,290.6,High,Clear,0,0.21,0.79,10.7
388.0,747.6,Van,Ford,Transit,2016,8,Diesel,10.4,900,4,125.0,Low,Windy,0,0.82,0.18,49.73
221.6,293.8,Car,Hyundai,Elantra,2022,4,Petrol,8.0,400,3,388.2,Medium,Rain,1,0.91,0.09,28.6
132.7,145.5,Car,Toyota,Corolla,2025,5,Petrol,6.9,400,1,187.6,Medium,Rain,0,0.68,0.32,12.37
89.4,99.7,Van,Toyota,Hiace,2023,12,Diesel,11.1,900,7,796.2,Low,Clear,1,0.92,0.08,12.13
383.3,457.7,Bus,Isuzu,Bus,2024,30,Diesel,14.9,1500,18,887.2,High,Clear,1,0.23,0.77,74.88
363.2,358.6,Bus,Isuzu,Bus,2021,40,Petrol,14.8,1500,19,1137.7,Low,,0,0.41,0.59,59.96
227.3,548.9,Bus,Mercedes,Sprinter,2024,18,Diesel,13.6,2000,9,456.4,Medium,Rain,1,0.52,0.48,44.28
215.1,217.8,Van,Toyota,Hiace,2025,12,Petrol,12.4,900,12,543.3,High,Rain,0,0.47,0.53,40.93
44.0,89.4,Van,Toyota,Hiace,2024,8,Petrol,10.8,1100,3,368.9,Medium,Rain,1,0.36,0.64,6.41
123.2,203.0,Van,Hyundai,H1,2017,10,Diesel,9.5,1100,5,76.9,High,Windy,0,0.31,0.69,16.37
105.6,114.9,Van,Toyota,Hiace,2023,8,Petrol,10.3,900,1,46.4,High,Clear,1,0.9,0.1,15.82
74.6,137.6,Van,Ford,Transit,2021,14,Diesel,8.9,1100,5,818.3,Low,Rain,1,0.32,0.68,9.14
104.0,155.0,Bus,Mercedes,Sprinter,2018,18,Diesel,17.8,2000,14,492.4,Medium,Rain,0,0.27,0.73,21.81
15.9,27.3,Bus,Isuzu,Bus,2017,30,Petrol,18.7,2000,17,796.8,Low,Clear,0,0.88,0.12,3.46
16.8,55.3,Car,Kia,Cerato,2022,5,Petrol,7.7,400,1,312.3,Low,Rain,0,0.52,0.48,1.53
408.4,956.2,Bus,Toyota,Coaster,2018,30,Diesel,18.0,3000,19,877.0,Medium,Hot,1,0.21,0.79,94.94
105.9,147.9,Car,Hyundai,Elantra,2023,4,Petrol,6.4,600,2,20.8,Medium,Rain,0,0.76,0.24,8.31
25.3,65.6,Van,Toyota,Hiace,2023,14,Diesel,10.1,700,13,672.5,High,Hot,0,0.42,0.58,3.42
286.3,524.2,Van,Ford,Transit,2024,10,Diesel,12.1,1100,8,739.5,High,Rain,1,0.55,0.45,52.08
68.0,149.3,Van,Toyota,Hiace,2018,10,Petrol,9.3,700,1,451.6,High,Windy,1,0.95,0.05,9.67
172.8,187.8,Bus,Mercedes,Sprinter,2016,22,Diesel,18.1,2000,11,269.1,High,Clear,1,0.31,0.69,45.64
51.5,103.9,Bus,Mercedes,Sprinter,2020,18,Petrol,14.9,3000,11,290.4,High,Windy,0,0.66,0.34,9.93
107.0,119.9,Van,Toyota,Hiace,2022,14,Petrol,11.1,1100,6,437.0,Medium,Windy,1,0.14,0.86,14.61
39.5,61.7,Car,Kia,Cerato,2017,4,Diesel,7.1,600,3,268.4,Low,Clear,1,0.6,0.4,3.27
80.1,91.4,Car,Toyota,Corolla,2020,5,Petrol,8.0,400,1,256.6,High,Rain,0,0.22,0.78,9.35
185.7,238.8,Car,Nissan,Sunny,2023,5,Petrol,7.2,600,2,63.0,Medium,Rain,1,0.3,0.7,18.53
243.0,333.0,Bus,Mercedes,Sprinter,2024,40,Diesel,19.7,3000,23,299.9,High,Hot,1,0.27,0.73,67.55
75.6,102.1,Bus,Isuzu,Bus,2016,30,Diesel,14.3,1500,1,934.0,Medium,Rain,1,0.94,0.06,16.78
141.2,195.2,Car,Toyota,Corolla,2022,4,Petrol,6.4,600,4,252.5,High,Rain,1,0.88,0.12,15.11
186.0,295.4,Van,Hyundai,H1,2016,8,Diesel,9.5,900,8,195.3,High,Rain,1,0.58,0.42,28.1
147.9,340.2,Bus,Isuzu,Bus,2019,30,Diesel,14.0,3000,15,868.4,Low,Windy,1,0.19,0.81,24.66
281.2,355.5,Van,Toyota,Hiace,2024,8,Diesel,11.9,1100,6,680.7,Medium,Windy,1,0.66,0.34,43.69
181.0,182.4,Van,Ford,Transit,2017,12,Diesel,11.6,900,10,233.4,High,Windy,1,0.59,0.41,29.85
227.7,467.0,Bus,Isuzu,Bus,2021,22,Petrol,14.0,1500,7,1186.2,High,Windy,0,0.31,0.69,40.76
150.4,155.8,Car,Toyota,Corolla,2023,4,Petrol,6.3,500,2,157.8,High,Rain,1,0.39,0.61,14.78
174.8,399.2,Car,Toyota,Corolla,2020,4,Petrol,6.8,600,2,348.6,Low,Hot,1,0.19,0.81,15.31
433.9,536.5,Van,Hyundai,H1,2023,14,Diesel,9.3,1100,13,105.2,High,Hot,0,0.32,0.68,51.41
170.1,169.9,Van,Hyundai,H1,2024,10,Diesel,8.8,700,3,149.5,Medium,Hot,0,0.13,0.87,17.02
322.8,466.7,Van,Toyota,Hiace,2023,8,Diesel,8.6,700,7,551.4,High,Clear,0,0.57,0.43,39.75
200.0,333.5,Van,Hyundai,H1,2023,8,Diesel,9.1,1100,4,1093.0,Medium,Hot,1,0.15,0.85,23.8
339.5,376.0,Bus,Isuzu,Bus,2023,30,Petrol,16.0,2000,25,208.2,Low,Hot,0,0.63,0.37,59.21
102.7,185.9,Bus,Mercedes,Sprinter,2016,22,Diesel,14.4,1500,3,886.2,Low,Rain,1,0.41,0.59,20.97
82.2,101.8,Bus,Isuzu,Bus,2016,30,Petrol,18.3,2000,3,1131.0,Low,Hot,1,0.79,0.21,19.16
45.4,76.5,Car,Kia,Cerato,2016,5,Diesel,6.2,600,2,189.8,Medium,Clear,1,0.79,0.21,3.9
372.1,532.3,Bus,Mercedes,Sprinter,2021,40,Petrol,17.5,3000,39,1124.1,Low,Windy,0,0.43,0.57,74.92
145.9,355.5,Bus,Toyota,Coaster,2018,22,Petrol,15.4,1500,11,474.6,High,Windy,1,0.88,0.12,35.13
62.8,136.7,Bus,Mercedes,Sprinter,2017,40,Diesel,17.0,1500,34,560.3,High,Clear,0,0.69,0.31,15.53
360.1,342.6,Bus,Mercedes,Sprinter,2016,40,Petrol,19.0,2000,23,142.2,High,Windy,1,0.25,0.75,93.65
207.2,398.2,Car,Nissan,Sunny,2024,5,Diesel,7.9,400,3,76.9,Low,Rain,0,0.42,0.58,18.57
136.0,209.2,Car,Hyundai,Elantra,2020,4,Petrol,7.7,400,1,135.8,High,Rain,1,0.11,0.89,15.24
226.1,283.2,Bus,Toyota,Coaster,2023,30,Diesel,13.5,2000,13,524.0,High,Hot,0,0.91,0.09,43.41
257.4,605.9,Van,Hyundai,H1,2021,14,Petrol,9.8,700,7,257.5,Low,Hot,0,0.12,0.88,27.47
145.5,178.5,Car,Kia,Cerato,2021,5,Diesel,6.5,400,2,185.6,Medium,Hot,1,0.25,0.75,12.67
17.0,32.0,Van,Hyundai,H1,2024,8,Petrol,9.8,900,4,200.2,Low,Hot,0,0.14,0.86,1.85
170.6,288.7,Bus,Mercedes,Sprinter,2017,22,Diesel,19.0,1500,4,859.2,High,Hot,1,0.56,0.44,50.27
142.6,229.1,Bus,Mercedes,Sprinter,2022,30,Diesel,14.8,3000,27,815.0,Low,Rain,0,0.58,0.42,25.24
130.4,145.7,Car,Kia,Cerato,2022,5,Petrol,7.9,500,1,306.0,High,Hot,0,0.35,0.65,13.43
25.2,58.1,Car,Toyota,Corolla,2017,4,Petrol,6.5,500,2,402.0,Low,Windy,1,0.9,0.1,2.36
233.6,436.1,Car,Nissan,Sunny,2018,5,Petrol,7.4,600,1,53.1,Medium,Rain,1,0.12,0.88,23.66
88.9,194.9,Van,Toyota,Hiace,2022,10,Petrol,10.7,700,1,242.1,Low,Windy,0,0.85,0.15,11.81
31.5,66.5,Car,Nissan,Sunny,2016,4,Petrol,7.6,600,2,497.1,Medium,Hot,0,0.25,0.75,3.19
230.0,284.7,Van,Ford,Transit,2017,10,Diesel,9.4,900,9,823.5,Medium,Hot,1,0.49,0.51,30.03
324.0,632.1,Car,Hyundai,Elantra,2019,4,Petrol,7.7,400,2,152.7,Low,Rain,0,0.55,0.45,29.69
372.4,708.0,Van,Toyota,Hiace,2021,8,Diesel,10.2,1100,2,944.8,Medium,Hot,0,0.63,0.37,49.93
384.7,446.4,Bus,Isuzu,Bus,2025,18,Petrol,15.5,3000,10,432.9,Medium,Hot,0,0.94,0.06,79.66
374.1,735.0,Bus,Toyota,Coaster,2025,40,Diesel,18.3,3000,20,747.8,High,Hot,1,0.38,0.62,99.07
124.3,184.9,Bus,Toyota,Coaster,2023,22,Petrol,17.1,3000,14,519.2,Medium,Clear,1,0.59,0.41,26.02
383.5,620.8,Van,Hyundai,H1,2025,14,Diesel,9.5,900,9,190.3,High,Windy,0,0.45,0.55,45.74
17.4,32.7,Car,Nissan,Sunny,2024,4,Petrol,8.5,500,2,338.2,High,Rain,0,0.38,0.62,2.02
378.7,705.6,Car,Nissan,Sunny,2016,5,Petrol,6.7,600,3,228.0,Low,Hot,0,0.57,0.43,30.88
375.9,393.5,Van,Hyundai,H1,2020,10,Diesel,11.0,1100,6,469.3,Low,,0,0.89,0.11,46.93
268.5,271.1,Car,Toyota,Corolla,2017,5,Petrol,7.8,600,2,30.0,Medium,Rain,1,0.18,0.82,27.03
295.9,372.2,Van,Hyundai,H1,2016,14,Petrol,10.8,1100,11,887.9,Low,Clear,0,0.46,0.54,39.91
127.0,204.0,Van,Hyundai,H1,2023,10,Petrol,10.9,700,7,576.6,Medium,Hot,1,0.9,0.1,19.61
422.8,785.8,Bus,Toyota,Coaster,2018,40,Diesel,14.0,2000,22,298.4,High,Windy,1,0.77,0.23,83.64
150.2,332.8,Bus,Toyota,Coaster,2022,30,Diesel,15.6,1500,8,650.6,Medium,Clear,1,0.81,0.19,32.83
298.0,292.8,Car,Hyundai,Elantra,2018,4,Petrol,6.0,400,1,373.1,Medium,Hot,0,0.64,0.36,24.24
251.6,481.4,Bus,Isuzu,Bus,2021,22,Diesel,17.3,3000,10,221.0,Medium,Hot,1,0.19,0.81,51.37
166.7,203.9,Van,Toyota,Hiace,2016,8,Petrol,9.8,700,8,228.9,Medium,Hot,1,0.64,0.36,22.34
209.5,368.7,Car,Nissan,Sunny,2025,4,Petrol,6.9,500,2,37.6,Low,Rain,0,0.29,0.71,15.5
230.2,237.7,Car,Hyundai,Elantra,2023,4,Diesel,7.1,400,1,154.0,Low,Rain,1,0.27,0.73,19.81
375.1,664.2,Van,Toyota,Hiace,2021,8,Diesel,10.3,900,4,444.7,High,Clear,0,0.54,0.46,53.36
335.3,320.0,Van,Hyundai,H1,2023,14,Diesel,10.5,1100,7,656.0,Low,Windy,0,0.28,0.72,39.22
311.8,640.9,Van,Hyundai,H1,2016,8,Diesel,10.9,1100,6,538.1,High,Clear,0,0.81,0.19,48.68
178.5,202.1,Bus,Toyota,Coaster,2020,30,Diesel,19.3,1500,17,371.1,High,Rain,1,0.47,0.53,52.25
380.0,843.4,Bus,Isuzu,Bus,2017,30,Diesel,18.3,1500,15,899.3,Medium,Clear,0,0.35,0.65,85.58
356.5,362.2,Van,Ford,Transit,2017,12,Petrol,12.2,900,8,689.3,Low,Rain,0,0.17,0.83,56.01
443.8,583.5,Van,Ford,Transit,2025,8,Petrol,11.6,1100,5,1040.9,Medium,Clear,0,0.73,0.27,66.53
265.4,480.4,Bus,Mercedes,Sprinter,2022,30,Petrol,15.2,3000,3,761.0,High,Windy,0,0.74,0.26,54.21
261.2,266.4,Car,Hyundai,Elantra,2017,5,Diesel,6.0,600,2,575.9,High,Hot,1,0.36,0.64,25.15
24.0,63.2,Car,Toyota,Corolla,2017,5,Diesel,8.1,400,3,100.6,Medium,Hot,1,0.16,0.84,2.5
183.4,319.2,Van,Toyota,Hiace,2025,10,Diesel,11.3,1100,10,85.2,Low,Windy,1,0.93,0.07,27.34
111.5,152.2,Van,Ford,Transit,2022,10,Petrol,8.8,900,6,715.1,Low,Clear,1,0.35,0.65,11.53
192.7,208.9,Van,Hyundai,H1,2025,10,Diesel,10.3,700,1,253.3,Low,Windy,0,0.54,0.46,22.1
287.4,522.4,Car,Toyota,Corolla,2021,4,Petrol,7.6,600,3,257.6,Medium,Clear,1,0.92,0.08,26.62
393.2,651.7,Van,Toyota,Hiace,2024,14,Diesel,10.2,900,5,418.9,High,Hot,1,0.78,0.22,64.69
258.5,491.4,Van,Hyundai,H1,2016,12,Diesel,11.3,1100,5,1033.6,High,Rain,1,0.84,0.16,52.07
123.3,239.6,Bus,Isuzu,Bus,2023,40,Diesel,14.0,2000,28,971.1,High,Clear,0,0.74,0.26,24.18
202.2,236.0,Van,Toyota,Hiace,2023,8,Diesel,10.5,700,4,518.0,Low,Rain,1,0.75,0.25,28.62
87.9,179.9,Car,Toyota,Corolla,2016,5,Petrol,6.5,600,3,476.8,Low,Windy,0,0.66,0.34,6.74
342.3,740.4,Bus,Isuzu,Bus,2020,30,Diesel,16.2,1500,23,603.8,High,Windy,0,0.58,0.42,71.38
49.0,63.5,Bus,Mercedes,Sprinter,2020,18,Diesel,17.3,3000,9,661.9,Medium,Clear,1,0.23,0.77,10.14
87.6,230.9,Car,Hyundai,Elantra,2018,4,Diesel,6.9,500,2,102.7,Low,Clear,0,0.13,0.87,6.2
30.0,51.4,Car,Nissan,Sunny,2018,4,Diesel,6.4,500,1,305.4,Low,Rain,1,0.71,0.29,2.45
31.7,48.6,Car,Toyota,Corolla,2016,5,Petrol,7.2,600,5,580.1,Low,Rain,0,0.62,0.38,2.84
335.7,442.2,Car,Toyota,Corolla,2016,4,Diesel,7.4,500,4,257.9,Low,Clear,0,0.78,0.22,28.13
141.3,225.3,Car,Hyundai,Elantra,2020,4,Diesel,7.2,400,2,333.5,Medium,Windy,0,0.26,0.74,12.07
264.6,435.5,Car,Kia,Cerato,2016,4,Diesel,6.4,600,4,532.3,Medium,Clear,0,0.67,0.33,21.82
15.7,22.1,Van,Hyundai,H1,2024,8,Petrol,11.1,1100,6,913.3,Medium,Windy,0,0.42,0.58,2.08
447.0,496.8,Bus,Isuzu,Bus,2022,18,Diesel,14.2,2000,18,1064.2,Medium,Rain,1,0.77,0.23,97.5
338.4,475.4,Car,Toyota,Corolla,2024,5,Petrol,6.8,500,1,488.8,Low,Clear,1,0.35,0.65,29.53
376.0,403.3,Car,Nissan,Sunny,2018,4,Petrol,7.0,600,3,333.4,High,Rain,1,0.48,0.52,44.39
79.8,78.5,Van,Hyundai,H1,2016,12,Petrol,10.2,700,12,354.3,High,Hot,0,0.41,0.59,11.26
206.8,260.2,Car,Toyota,Corolla,2022,5,Petrol,6.6,500,1,267.8,High,Clear,0,0.31,0.69,17.23
94.7,150.5,Bus,Isuzu,Bus,2023,22,Diesel,18.7,1500,22,647.7,High,Rain,0,0.43,0.57,25.18
415.0,432.8,Van,Hyundai,H1,2016,12,Petrol,10.1,700,9,208.6,Low,Hot,1,0.2,0.8,48.58
314.0,481.5,Bus,Mercedes,Sprinter,2021,30,Petrol,13.6,3000,19,1156.2,Medium,Hot,0,0.26,0.74,50.09
424.8,498.4,Car,Kia,Cerato,2022,5,Petrol,7.0,500,5,447.5,Medium,Rain,1,0.48,0.52,44.65
311.5,595.3,Bus,Isuzu,Bus,2017,18,Petrol,18.7,3000,8,625.7,High,Windy,0,0.23,0.77,81.86
356.4,549.1,Car,Nissan,Sunny,2019,5,Petrol,7.7,400,4,138.4,Low,Windy,1,0.11,0.89,31.39
422.5,500.5,Bus,Isuzu,Bus,2022,30,Diesel,13.8,1500,11,428.2,Low,Windy,1,0.2,0.8,62.97
112.8,222.4,Van,Hyundai,H1,2024,14,Diesel,8.6,700,2,511.9,High,Hot,0,0.94,0.06,13.4
339.4,605.6,Car,Kia,Cerato,2022,5,Diesel,6.0,600,3,201.0,High,Clear,1,0.66,0.34,30.11
8.0,33.7,Van,Hyundai,H1,2019,8,Diesel,8.9,700,4,675.5,Medium,Rain,0,0.32,0.68,0.95
372.6,415.6,Car,Hyundai,Elantra,2018,5,Diesel,7.9,600,4,592.4,High,Rain,1,0.7,0.3,48.33
384.3,540.1,Car,Kia,Cerato,2022,4,Petrol,8.4,600,3,478.3,Medium,Rain,1,0.81,0.19,49.14
220.1,351.1,Car,Nissan,Sunny,2025,4,Diesel,8.0,500,2,170.3,Medium,Hot,1,0.15,0.85,23.46
77.8,152.3,Car,Kia,Cerato,2021,5,Petrol,8.1,600,1,582.5,High,Windy,1,0.65,0.35,9.03
108.9,207.9,Car,Toyota,Corolla,2022,4,Diesel,7.2,400,3,210.2,High,Hot,0,0.55,0.45,10.5
45.5,58.5,Van,Toyota,Hiace,2018,12,Diesel,11.9,700,4,466.4,Medium,Clear,0,0.31,0.69,6.09
176.3,162.4,Van,Toyota,Hiace,2024,10,Petrol,10.5,700,1,699.7,Low,Clear,1,0.57,0.43,23.37
52.6,80.0,Car,Hyundai,Elantra,2019,5,Diesel,8.3,500,5,414.9,High,Rain,0,0.76,0.24,6.29
293.4,300.1,Bus,Isuzu,Bus,2025,18,Diesel,18.1,2000,17,407.8,Medium,Clear,0,0.17,0.83,63.88
305.8,310.8,Bus,Mercedes,Sprinter,2024,18,Petrol,16.3,1500,1,576.6,Medium,Clear,0,0.5,0.5,62.88
306.2,304.3,Bus,Mercedes,Sprinter,2019,40,Petrol,19.8,1500,25,316.6,Medium,Clear,0,0.51,0.49,75.25
168.0,273.5,Car,Toyota,Corolla,2024,4,Petrol,8.0,600,1,28.5,High,Windy,1,0.27,0.73,18.99
250.4,249.5,Car,Nissan,Sunny,2022,4,Petrol,8.0,500,4,29.6,Medium,Windy,0,0.47,0.53,24.42
403.1,404.5,Bus,Mercedes,Sprinter,2022,18,Diesel,15.3,3000,1,586.8,Low,Hot,0,0.41,0.59,74.71
229.0,398.8,Car,Toyota,Corolla,2020,4,Petrol,7.4,500,1,374.5,High,Clear,0,0.37,0.63,21.49
315.7,463.4,Van,Ford,Transit,2022,12,Petrol,11.6,1100,4,741.2,High,Windy,0,0.36,0.64,46.44
370.0,448.1,Van,Hyundai,H1,2024,12,Petrol,11.6,700,2,237.6,Low,Windy,1,0.73,0.27,56.5
226.5,475.8,Van,Hyundai,H1,2025,8,Petrol,9.0,1100,3,426.5,High,Clear,1,0.24,0.76,28.4
21.3,53.3,Bus,Toyota,Coaster,2018,30,Diesel,16.0,2000,15,260.2,High,Rain,0,0.41,0.59,5.01
440.5,565.4,Van,Ford,Transit,2020,8,Diesel,9.4,900,8,280.9,Low,Windy,1,0.7,0.3,52.66
87.7,121.6,Van,Hyundai,H1,2023,14,Diesel,11.2,900,1,414.9,Medium,Windy,0,0.11,0.89,11.95
190.8,386.7,Car,Hyundai,Elantra,2023,5,Petrol,6.5,600,2,538.0,Medium,Rain,0,0.45,0.55,17.24
351.0,587.7,Van,Ford,Transit,2021,10,Petrol,9.2,1100,1,762.3,High,Hot,1,0.27,0.73,46.84
188.1,425.8,Van,Hyundai,H1,2021,12,Petrol,11.6,900,10,796.0,Medium,Windy,1,0.32,0.68,29.16
338.6,681.5,Bus,Toyota,Coaster,2022,22,Petrol,18.9,2000,6,90.4,Low,Hot,0,0.51,0.49,67.11
30.5,68.3,Van,Hyundai,H1,2018,8,Petrol,12.4,700,6,97.5,Medium,Rain,0,0.13,0.87,4.48
447.7,412.6,Car,Hyundai,Elantra,2022,4,Petrol,6.1,400,1,56.3,Medium,Hot,1,0.33,0.67,36.89
203.3,230.4,Van,Hyundai,H1,2019,8,Petrol,12.2,700,1,660.1,Medium,Hot,0,0.26,0.74,34.13
129.0,201.6,Bus,Mercedes,Sprinter,2025,18,Petrol,19.0,2000,18,26.3,Low,Clear,1,0.74,0.26,27.41
105.1,146.7,Bus,Isuzu,Bus,2025,30,Diesel,13.8,3000,25,602.0,High,Clear,0,0.86,0.14,17.8
206.4,254.7,Van,Ford,Transit,2022,14,Diesel,8.7,900,8,779.5,High,Windy,1,0.93,0.07,28.4
139.1,355.9,Van,Toyota,Hiace,2022,14,Petrol,11.4,1100,6,833.8,Low,Hot,0,0.56,0.44,19.6
280.8,466.9,Car,Hyundai,Elantra,2019,4,Petrol,7.9,500,1,300.7,Low,Hot,1,0.91,0.09,28.37
158.1,145.7,Van,Toyota,Hiace,2021,8,Diesel,9.1,900,4,890.6,Medium,Windy,0,0.29,0.71,18.0
414.0,489.3,Car,Hyundai,Elantra,2022,4,Diesel,8.2,500,1,186.5,High,Hot,0,0.21,0.79,48.32
408.9,487.4,Bus,Mercedes,Sprinter,2021,40,Diesel,18.5,3000,4,159.1,Low,Rain,1,0.27,0.73,91.65
257.0,248.7,Car,Toyota,Corolla,2017,5,Diesel,6.5,500,1,301.3,Low,Rain,1,0.16,0.84,20.91
117.1,264.8,Van,Hyundai,H1,2022,14,Petrol,9.8,1100,12,47.4,High,Rain,0,0.48,0.52,16.35
90.0,101.8,Bus,Isuzu,Bus,2016,30,Petrol,15.2,1500,23,291.7,Medium,Windy,0,0.37,0.63,16.27
210.1,419.6,Van,Toyota,Hiace,2025,8,Petrol,10.6,900,3,349.4,High,Windy,0,0.23,0.77,27.16
348.4,453.3,Bus,Toyota,Coaster,2020,18,Diesel,17.1,3000,16,768.2,High,Hot,0,0.85,0.15,87.03
432.2,721.0,Car,Hyundai,Elantra,2020,5,Diesel,7.2,600,3,389.2,Medium,Hot,0,0.93,0.07,40.6
60.8,80.3,Van,Toyota,Hiace,2023,8,Petrol,11.5,900,5,833.1,High,Windy,1,0.17,0.83,10.34
79.8,86.5,Van,Toyota,Hiace,2022,8,Petrol,10.6,900,3,506.2,Low,Windy,0,0.65,0.35,9.25
180.5,189.6,Car,Kia,Cerato,2022,4,Diesel,7.5,400,2,175.8,Low,Windy,1,0.8,0.2,15.77
27.2,46.9,Van,Hyundai,H1,2017,8,Petrol,8.6,700,4,272.1,Low,Hot,0,0.24,0.76,2.87
210.3,243.9,Van,Toyota,Hiace,2018,8,Petrol,10.2,700,5,292.2,High,Rain,0,0.5,0.5,30.87
211.0,388.0,Bus,Isuzu,Bus,2019,30,Petrol,13.1,3000,15,994.9,High,Hot,0,0.67,0.33,36.9
66.1,124.1,Bus,Isuzu,Bus,2020,30,Diesel,15.0,1500,12,345.7,Medium,Clear,0,0.49,0.51,11.52
282.5,639.1,Car,Nissan,Sunny,2018,4,Petrol,8.0,600,4,489.1,Medium,Windy,1,0.19,0.81,30.9
397.6,639.7,Bus,Isuzu,Bus,2016,22,Diesel,14.2,3000,10,334.6,Medium,Clear,1,0.24,0.76,67.66
394.0,409.7,Van,Ford,Transit,2021,12,Petrol,10.3,700,4,277.4,Low,Rain,0,0.34,0.66,47.74
283.5,458.8,Bus,Mercedes,Sprinter,2021,18,Petrol,17.2,1500,9,225.8,Medium,Windy,0,0.37,0.63,58.48
222.5,261.8,Car,Nissan,Sunny,2020,4,Diesel,6.7,500,1,160.9,Medium,Windy,1,0.28,0.72,17.79
341.0,501.9,Van,Hyundai,H1,2022,12,Petrol,12.1,900,2,343.6,Medium,Clear,1,0.79,0.21,55.52
142.1,334.0,Van,Ford,Transit,2024,10,Petrol,10.8,700,9,281.8,Medium,Hot,1,0.45,0.55,21.69
114.3,278.7,Bus,Mercedes,Sprinter,2024,40,Petrol,14.9,2000,29,805.7,Low,Rain,1,0.7,0.3,23.7
350.4,423.6,Bus,Mercedes,Sprinter,2020,40,Petrol,15.9,2000,29,619.5,High,Rain,1,0.29,0.71,86.19
313.7,311.3,Van,Toyota,Hiace,2024,12,Diesel,11.2,700,8,691.4,Low,Windy,1,0.82,0.18,49.04
247.6,368.0,Bus,Toyota,Coaster,2017,18,Petrol,14.8,3000,1,500.4,Low,Hot,0,0.75,0.25,43.13
304.4,380.1,Van,Toyota,Hiace,2017,10,Petrol,11.6,1100,3,549.8,High,Hot,1,0.7,0.3,58.88
81.4,103.9,Car,Nissan,Sunny,2020,4,Diesel,7.3,500,2,364.6,High,Hot,0,0.67,0.33,8.22
205.1,196.5,Bus,Mercedes,Sprinter,2022,18,Petrol,15.0,3000,3,748.0,High,Rain,0,0.1,0.9,39.74
353.4,402.7,Bus,Isuzu,Bus,2018,30,Petrol,17.6,1500,3,569.8,High,Clear,1,0.5,0.5,92.69
263.1,295.1,Van,Ford,Transit,2024,10,Petrol,11.2,900,1,110.6,High,Windy,0,0.87,0.13,40.77
285.7,663.9,Car,Toyota,Corolla,2022,5,Petrol,6.1,600,2,38.0,High,Clear,0,0.49,0.51,21.37
208.7,281.1,Car,Kia,Cerato,2016,5,Petrol,8.1,500,3,476.7,Low,Rain,1,0.18,0.82,22.77
63.9,94.8,Car,Nissan,Sunny,2022,4,Diesel,6.4,500,1,135.3,Low,Rain,0,0.64,0.36,5.16
290.7,453.8,Van,Toyota,Hiace,2018,12,Petrol,11.7,900,8,812.0,Low,Hot,0,0.73,0.27,41.77
167.1,413.5,Car,Nissan,Sunny,2023,4,Diesel,7.5,400,3,236.6,Medium,,0,0.62,0.38,15.59
161.6,301.1,Van,Hyundai,H1,2016,10,Petrol,11.9,1100,5,561.3,Low,Rain,1,0.76,0.24,25.68
449.1,758.7,Van,Ford,Transit,2023,10,Diesel,9.0,1100,7,464.0,Low,Hot,0,0.46,0.54,45.82
368.4,348.8,Van,Hyundai,H1,2025,8,Petrol,9.0,1100,3,165.7,Low,Windy,0,0.61,0.39,36.47
264.6,509.0,Car,Toyota,Corolla,2025,5,Diesel,7.0,400,4,251.9,High,Hot,0,0.28,0.72,26.33
10.5,32.1,Bus,Toyota,Coaster,2022,40,Petrol,16.2,1500,12,77.6,Medium,Hot,0,0.38,0.62,2.07
137.4,173.1,Car,Hyundai,Elantra,2020,5,Petrol,6.0,400,4,373.4,Low,Clear,1,0.73,0.27,10.7
148.0,161.6,Car,Kia,Cerato,2023,4,Petrol,6.0,600,4,96.8,High,Rain,1,0.81,0.19,13.3
29.7,67.1,Car,Kia,Cerato,2018,4,Diesel,6.8,600,2,38.0,Medium,Rain,1,0.62,0.38,2.94
215.9,333.6,Car,Toyota,Corolla,2017,5,Diesel,7.0,400,1,190.5,Medium,Rain,0,0.9,0.1,20.92
359.0,566.2,Bus,Isuzu,Bus,2019,30,Diesel,18.9,1500,23,212.8,Low,Clear,0,0.51,0.49,74.88
32.6,68.5,Van,Hyundai,H1,2021,10,Petrol,11.1,700,3,676.9,Low,Windy,0,0.6,0.4,4.39
132.5,176.2,Van,Ford,Transit,2023,10,Petrol,11.7,900,8,399.5,Medium,Rain,0,0.76,0.24,20.08
285.3,270.3,Van,Hyundai,H1,2023,12,Petrol,8.8,1100,6,117.0,High,Hot,0,0.83,0.17,34.88
158.2,198.7,Van,Toyota,Hiace,2016,8,Diesel,10.7,900,2,302.4,Medium,Windy,1,0.71,0.29,23.87
10.0,42.4,Van,Toyota,Hiace,2020,14,Petrol,11.8,700,1,507.4,Medium,Windy,0,0.56,0.44,1.63
347.2,373.4,Car,Toyota,Corolla,2022,4,Petrol,7.7,600,1,158.4,Medium,Rain,1,0.63,0.37,38.23
45.3,53.5,Car,Hyundai,Elantra,2021,5,Petrol,6.8,600,4,431.4,Low,Hot,0,0.39,0.61,3.59
344.1,345.8,Van,Hyundai,H1,2016,12,Petrol,11.9,1100,9,797.4,High,Rain,0,0.61,0.39,58.28
307.9,305.3,Bus,Isuzu,Bus,2019,30,Diesel,19.1,1500,13,138.3,Medium,Windy,1,0.58,0.42,74.75
70.3,127.9,Car,Nissan,Sunny,2018,4,Diesel,6.7,500,4,345.5,Medium,Rain,1,0.41,0.59,6.58
339.1,558.8,Bus,Isuzu,Bus,2023,22,Diesel,19.4,1500,20,695.3,High,Hot,1,0.46,0.54,100.88
166.7,153.6,Car,Hyundai,Elantra,2016,5,Diesel,7.8,600,4,62.7,High,Windy,0,0.21,0.79,17.08
23.5,48.8,Van,Toyota,Hiace,2019,12,Petrol,12.2,700,1,272.3,Low,Clear,1,0.33,0.67,3.08
68.7,152.8,Car,Toyota,Corolla,2016,4,Diesel,6.1,600,3,111.7,Low,Rain,1,0.58,0.42,5.7
196.5,409.7,Bus,Mercedes,Sprinter,2024,40,Petrol,13.3,3000,23,1102.3,Medium,Windy,1,0.32,0.68,32.39
60.3,159.6,Bus,Toyota,Coaster,2017,30,Diesel,19.5,1500,23,666.7,Medium,Windy,1,0.55,0.45,15.51
28.3,44.6,Car,Hyundai,Elantra,2023,5,Diesel,6.4,500,2,485.4,Medium,Clear,1,0.81,0.19,2.41
92.5,97.6,Van,Ford,Transit,2018,10,Petrol,11.5,900,9,341.3,Low,Windy,0,0.68,0.32,11.69
200.8,441.9,Van,Hyundai,H1,2024,8,Petrol,9.8,700,5,225.5,Low,Hot,1,0.36,0.64,24.12
147.1,212.4,Car,Toyota,Corolla,2016,5,Diesel,7.7,500,1,384.1,High,Rain,1,0.92,0.08,20.58
225.2,272.9,Van,Toyota,Hiace,2025,10,Petrol,9.3,900,7,501.3,Low,Windy,1,0.14,0.86,23.69
255.8,494.1,Van,Ford,Transit,2017,8,Diesel,10.7,700,7,352.4,Low,Hot,0,0.69,0.31,34.18
148.4,175.4,Car,Nissan,Sunny,2018,5,Petrol,6.6,400,4,162.9,High,Hot,1,0.24,0.76,14.24
310.3,724.1,Bus,Isuzu,Bus,2019,30,Diesel,17.6,1500,23,1190.1,Low,Rain,0,0.29,0.71,71.02
9.0,23.1,Van,Ford,Transit,2025,8,Diesel,10.9,1100,6,951.0,Medium,Windy,1,0.21,0.79,1.28
6.7,31.2,Bus,Isuzu,Bus,2016,18,Petrol,14.4,1500,8,271.9,Low,Hot,1,0.94,0.06,1.31
316.4,730.8,Van,Hyundai,H1,2024,10,Petrol,9.3,700,5,516.5,Low,,0,0.28,0.72,34.94
42.7,62.3,Bus,Toyota,Coaster,2020,22,Diesel,17.4,2000,10,879.0,Low,Rain,1,0.12,0.88,9.53
379.6,522.7,Car,Nissan,Sunny,2016,5,Diesel,7.1,500,1,137.7,Medium,Hot,1,0.64,0.36,39.3
221.1,265.8,Bus,Mercedes,Sprinter,2025,30,Petrol,17.0,2000,30,276.8,High,Rain,1,0.82,0.18,58.16
68.6,120.9,Car,Kia,Cerato,2019,5,Petrol,6.0,500,3,123.9,Low,Hot,1,0.86,0.14,4.94
133.3,130.1,Bus,Isuzu,Bus,2025,18,Petrol,17.6,1500,1,24.8,Low,Hot,1,0.47,0.53,28.79
156.7,188.1,Bus,Isuzu,Bus,2018,30,Diesel,19.6,2000,23,600.2,High,Hot,0,0.27,0.73,41.78
444.4,807.4,Van,Toyota,Hiace,2017,14,Diesel,10.6,900,10,585.3,Medium,Windy,1,0.74,0.26,67.63
398.2,513.2,Bus,Toyota,Coaster,2019,40,Petrol,17.4,3000,40,1032.5,Medium,Hot,0,0.44,0.56,81.73
163.6,265.8,Car,Nissan,Sunny,2021,5,Diesel,6.3,400,5,174.4,Medium,Windy,1,0.67,0.33,13.84
8.0,27.5,Van,Toyota,Hiace,2016,10,Diesel,9.5,900,9,712.5,Medium,Hot,1,0.68,0.32,1.09
347.6,421.8,Car,Hyundai,Elantra,2017,4,Petrol,8.2,500,3,22.4,Low,Hot,1,0.88,0.12,39.37
25.3,53.9,Van,Toyota,Hiace,2019,8,Diesel,10.3,700,5,124.6,Low,Rain,0,0.25,0.75,3.18
99.6,113.8,Bus,Isuzu,Bus,2017,22,Diesel,13.2,3000,14,772.8,High,Rain,1,0.84,0.16,22.36
239.3,401.3,Car,Kia,Cerato,2020,4,Petrol,6.5,500,4,118.2,Medium,Rain,1,0.94,0.06,24.01
25.1,43.4,Bus,Mercedes,Sprinter,2024,30,Petrol,17.7,2000,6,866.3,Medium,Windy,0,0.65,0.35,5.82
213.5,212.2,Bus,Isuzu,Bus,2016,22,Diesel,15.3,2000,8,133.7,High,Rain,1,0.5,0.5,50.13
447.1,502.9,Bus,Toyota,Coaster,2020,18,Diesel,16.6,2000,7,24.4,High,Hot,1,0.77,0.23,108.31
18.9,44.1,Bus,Toyota,Coaster,2022,22,Petrol,14.7,1500,13,865.4,Medium,Hot,1,0.46,0.54,3.75
170.3,165.9,Bus,Mercedes,Sprinter,2017,40,Diesel,15.8,3000,6,573.1,High,Hot,1,0.76,0.24,43.27
209.8,421.0,Van,Ford,Transit,2018,8,Petrol,12.2,700,2,326.2,High,Clear,0,0.85,0.15,33.59
443.1,542.4,Van,Ford,Transit,2023,14,Petrol,8.7,1100,2,697.3,Medium,Rain,1,0.37,0.63,51.47
233.8,349.8,Bus,Isuzu,Bus,2023,18,Diesel,18.9,3000,16,731.0,High,Windy,1,0.53,0.47,63.67
432.0,479.2,Bus,Toyota,Coaster,2018,40,Petrol,15.9,3000,10,300.6,Medium,Clear,0,0.2,0.8,79.91
237.7,357.7,Bus,Isuzu,Bus,2024,18,Petrol,14.1,3000,4,622.7,Low,Clear,1,0.11,0.89,36.43
69.1,110.4,Bus,Mercedes,Sprinter,2024,22,Petrol,16.4,1500,8,344.4,High,Rain,1,0.62,0.38,16.97
353.4,361.6,Van,Hyundai,H1,2024,12,Petrol,10.3,1100,4,385.4,High,Rain,0,0.78,0.22,52.23
200.8,197.2,Car,Kia,Cerato,2021,5,Petrol,6.9,400,1,219.4,High,Hot,1,0.7,0.3,20.19
294.9,336.6,Car,Toyota,Corolla,2016,4,Petrol,6.8,500,2,489.3,Medium,Clear,0,0.44,0.56,27.84
203.7,473.0,Bus,Mercedes,Sprinter,2025,18,Diesel,17.1,2000,8,773.8,Medium,Windy,1,0.46,0.54,43.97
34.5,67.8,Car,Hyundai,Elantra,2016,5,Diesel,7.8,500,3,250.3,Medium,Hot,0,0.4,0.6,3.75
180.1,238.9,Bus,Isuzu,Bus,2024,22,Petrol,17.6,1500,2,181.3,Low,Windy,1,0.88,0.12,39.85
249.7,292.9,Car,Kia,Cerato,2017,4,Diesel,6.9,600,2,358.2,Medium,Clear,1,0.87,0.13,22.91
131.1,294.7,Car,Toyota,Corolla,2024,5,Petrol,7.9,600,3,449.6,High,Clear,1,0.15,0.85,13.13
401.6,842.9,Bus,Isuzu,Bus,2020,18,Diesel,15.8,3000,10,1008.6,High,Rain,1,0.69,0.31,91.22
243.5,405.5,Van,Hyundai,H1,2018,12,Petrol,8.6,700,4,680.3,Low,,1,0.92,0.08,29.77
206.3,429.0,Van,Ford,Transit,2022,10,Petrol,9.0,700,7,301.4,Low,Clear,0,0.95,0.05,22.04
37.2,55.3,Car,Hyundai,Elantra,2016,4,Diesel,6.7,600,4,341.2,Medium,Rain,1,0.62,0.38,3.41
